BJD_TDB,Flux,Err,Airmass,DX(pix),DY(pix),FWHM(pix),Peak(ADU)
2460844.883389,0.98420,0.00132,1.0393,0.06,0.41,11.47,14850
2460844.883547,0.98431,0.00131,1.0392,0.21,2.05,10.79,16325
2460844.883704,0.98762,0.00132,1.0390,0.56,0.77,9.38,20402
2460844.883857,0.98760,0.00131,1.0388,0.96,0.89,9.54,18861
2460844.884011,0.98472,0.00131,1.0386,1.09,0.30,10.65,17315
2460844.884169,0.98685,0.00131,1.0384,0.53,0.39,10.35,16833
2460844.884326,0.98510,0.00131,1.0382,1.48,0.43,9.84,18892
2460844.884492,0.98425,0.00131,1.0381,0.00,1.32,10.80,16860
2460844.884642,0.98852,0.00132,1.0379,-0.33,1.62,10.05,17640
2460844.884800,0.98639,0.00131,1.0377,0.58,0.43,9.56,20762
2460844.884954,0.98544,0.00131,1.0375,-0.62,0.34,9.57,20515
2460844.885112,0.98452,0.00131,1.0373,1.00,-0.34,9.51,22829
2460844.885262,0.98695,0.00131,1.0372,0.09,1.23,9.50,22403
2460844.885420,0.98407,0.00131,1.0370,1.12,1.22,10.18,18922
2460844.885577,0.98635,0.00131,1.0368,-1.01,1.44,9.93,20262
2460844.885730,0.98664,0.00131,1.0367,0.21,0.66,9.91,19628
2460844.885890,0.98377,0.00131,1.0365,0.14,-0.51,9.68,20346
2460844.886043,0.98730,0.00131,1.0363,0.36,-1.25,9.62,19968
2460844.886201,0.98534,0.00131,1.0361,-2.11,0.47,10.14,17604
2460844.886359,0.98359,0.00131,1.0360,-0.70,-0.60,10.50,16370
2460844.886517,0.98669,0.00131,1.0358,-2.32,-1.46,11.37,15130
2460844.886671,0.98665,0.00132,1.0356,-3.11,-2.57,10.61,15461
2460844.886829,0.98615,0.00131,1.0355,0.74,-0.07,9.95,16316
2460844.886981,0.98240,0.00132,1.0353,1.39,0.20,11.21,12723
2460844.887139,0.98371,0.00131,1.0351,-0.13,2.45,10.21,14787
2460844.887294,0.98412,0.00132,1.0350,1.86,1.24,11.69,11361
2460844.887452,0.98583,0.00133,1.0348,-0.93,1.80,12.72,10128
2460844.887617,0.98833,0.00133,1.0346,0.51,0.70,13.27,9532
2460844.887774,0.98730,0.00131,1.0345,0.09,0.19,10.48,15071
2460844.887932,0.98438,0.00131,1.0343,0.80,-1.11,10.93,13533
2460844.888088,0.98747,0.00132,1.0341,0.83,2.08,11.48,12677
2460844.888244,0.98325,0.00131,1.0340,-0.06,2.94,11.17,14336
2460844.888396,0.98440,0.00131,1.0338,0.15,-0.43,10.09,17618
2460844.888555,0.98572,0.00131,1.0336,0.69,0.68,10.69,14038
2460844.888705,0.98424,0.00131,1.0335,0.35,-0.49,11.46,13052
2460844.888863,0.98504,0.00132,1.0333,0.60,-0.86,11.33,13088
2460844.889017,0.98796,0.00132,1.0332,0.74,2.29,12.35,11055
2460844.889173,0.98530,0.00132,1.0330,-2.29,2.29,11.36,13598
2460844.889333,0.98500,0.00133,1.0328,1.27,-0.49,12.85,9250
2460844.889493,0.98465,0.00132,1.0327,-0.34,0.40,12.92,10480
2460844.889646,0.98347,0.00131,1.0325,0.83,-1.12,11.54,12829
2460844.889806,0.98561,0.00134,1.0324,-1.40,-2.11,12.71,9783
2460844.889957,0.98518,0.00133,1.0322,-2.58,-3.92,14.08,8432
2460844.890116,0.98637,0.00133,1.0321,-4.92,-0.80,11.61,11018
2460844.890274,0.98855,0.00133,1.0319,-2.08,-1.19,12.60,9734
2460844.890425,0.98353,0.00132,1.0317,1.69,-1.85,12.40,10090
2460844.890583,0.98722,0.00132,1.0316,1.41,0.86,10.97,14041
2460844.890741,0.98549,0.00131,1.0314,0.70,5.03,11.05,14316
2460844.890892,0.98624,0.00131,1.0313,0.46,2.02,11.61,11875
2460844.891050,0.99059,0.00132,1.0312,2.28,0.89,11.93,11707
2460844.891208,0.98750,0.00134,1.0310,0.86,1.59,14.92,7351
2460844.891359,0.98668,0.00132,1.0309,0.23,-1.54,10.72,13003
2460844.891518,0.98517,0.00131,1.0307,-0.43,1.50,10.75,14681
2460844.891671,0.98680,0.00131,1.0306,-1.97,2.11,11.32,12380
2460844.891829,0.98179,0.00131,1.0304,2.15,0.57,10.35,14716
2460844.891986,0.98496,0.00131,1.0303,2.30,-0.00,10.70,13813
2460844.892136,0.98508,0.00131,1.0301,0.45,1.92,12.11,11892
2460844.892294,0.98511,0.00131,1.0300,-0.76,0.12,10.35,15520
2460844.892448,0.98521,0.00130,1.0298,0.97,1.77,9.56,19151
2460844.892604,0.98302,0.00131,1.0297,-1.11,1.07,11.37,13301
2460844.892765,0.98731,0.00132,1.0295,-0.65,-0.45,11.63,12411
2460844.892918,0.98530,0.00131,1.0294,2.67,1.69,12.63,11126
2460844.893073,0.98859,0.00133,1.0293,1.84,1.38,13.21,9006
2460844.893224,0.98678,0.00133,1.0291,-2.19,-0.76,12.53,9424
2460844.893389,0.98761,0.00132,1.0290,-2.22,-3.35,12.42,10435
2460844.893547,0.98508,0.00132,1.0289,-3.25,-2.43,12.60,10726
2460844.893697,0.98671,0.00132,1.0287,-1.98,-0.09,13.08,9870
2460844.893856,0.98590,0.00131,1.0286,1.95,0.37,11.08,13841
2460844.894006,0.98519,0.00131,1.0284,0.67,1.93,11.58,11797
2460844.894164,0.98922,0.00134,1.0283,1.54,1.44,13.66,7664
2460844.894323,0.98584,0.00134,1.0282,0.41,2.37,13.85,7695
2460844.894475,0.98888,0.00131,1.0280,0.98,1.97,11.58,11387
2460844.894630,0.98496,0.00132,1.0279,0.09,0.13,13.36,8766
2460844.894782,0.98409,0.00130,1.0278,1.47,-0.87,10.26,15556
2460844.894940,0.98784,0.00131,1.0276,0.23,1.07,10.73,14819
2460844.895098,0.98704,0.00131,1.0275,-0.40,0.99,10.01,16757
2460844.895249,0.98512,0.00131,1.0274,-1.32,0.95,11.88,11832
2460844.895410,0.98708,0.00133,1.0272,0.11,1.37,12.18,10013
2460844.895557,0.98784,0.00131,1.0271,2.17,-0.51,10.38,16236
2460844.895719,0.98563,0.00131,1.0270,-0.12,0.02,10.60,15456
2460844.895874,0.98914,0.00131,1.0269,-1.60,1.02,10.46,15316
2460844.896035,0.98774,0.00132,1.0267,1.27,1.11,11.28,11758
2460844.896187,0.98802,0.00131,1.0266,2.39,1.93,10.89,13840
2460844.896345,0.98367,0.00131,1.0265,-0.36,0.25,11.45,11751
2460844.896503,0.99255,0.00135,1.0263,0.05,1.03,12.44,9583
2460844.896661,0.98745,0.00133,1.0262,-0.07,-2.33,11.33,11446
2460844.896813,0.99093,0.00134,1.0261,-1.49,2.19,14.54,8464
2460844.896970,0.98762,0.00133,1.0260,3.47,-3.52,12.48,10654
2460844.897122,0.99082,0.00131,1.0258,-2.82,1.00,11.40,15121
2460844.897280,0.98749,0.00131,1.0257,-2.10,-2.18,11.39,13567
2460844.897430,0.98807,0.00131,1.0256,-0.89,-0.24,10.11,15534
2460844.897588,0.98904,0.00131,1.0255,-1.55,-0.21,11.25,12683
2460844.897749,0.98675,0.00130,1.0253,0.31,-0.23,10.07,16543
2460844.897900,0.98334,0.00130,1.0252,0.49,1.36,9.56,18537
2460844.898057,0.98338,0.00130,1.0251,1.62,1.69,9.98,18175
2460844.898216,0.98697,0.00130,1.0250,2.36,1.61,10.38,18016
2460844.898372,0.98753,0.00131,1.0249,-0.35,2.02,10.03,16277
2460844.898528,0.98297,0.00130,1.0248,0.88,1.73,9.98,15992
2460844.898687,0.98738,0.00131,1.0246,-0.25,-0.15,10.13,16811
2460844.898845,0.98671,0.00131,1.0245,2.42,1.85,10.64,14917
2460844.899003,0.98755,0.00130,1.0244,-0.94,1.05,9.98,18376
2460844.899161,0.98885,0.00133,1.0243,-0.35,0.95,13.03,8836
2460844.899314,0.98814,0.00133,1.0242,0.70,-1.59,12.27,9588
2460844.899477,0.98732,0.00131,1.0241,1.81,1.52,10.85,13362
2460844.899630,0.98510,0.00133,1.0239,-0.42,3.26,11.90,10380
2460844.899798,0.98759,0.00132,1.0238,0.45,-0.51,13.18,10291
2460844.899948,0.98593,0.00131,1.0237,1.21,-1.41,10.47,14699
2460844.900106,0.98700,0.00131,1.0236,0.01,0.74,10.85,14711
2460844.900261,0.98801,0.00131,1.0235,-0.59,1.40,10.72,14740
2460844.900419,0.98862,0.00132,1.0234,-0.36,1.36,13.34,9795
2460844.900577,0.98547,0.00131,1.0233,0.37,-0.52,13.02,11753
2460844.900735,0.98681,0.00132,1.0232,-0.51,0.64,11.41,12133
2460844.900889,0.98738,0.00132,1.0231,-1.62,-0.35,11.75,12132
2460844.901047,0.98721,0.00132,1.0230,0.18,-0.85,12.45,10822
2460844.901203,0.98539,0.00131,1.0229,0.33,-2.14,12.56,11471
2460844.901354,0.98380,0.00131,1.0227,-1.68,1.01,12.02,12178
2460844.901512,0.98918,0.00132,1.0226,1.73,0.74,12.35,9710
2460844.901670,0.98466,0.00131,1.0225,-0.57,-0.76,12.55,11145
2460844.901830,0.98734,0.00130,1.0224,-0.73,0.77,10.34,15263
2460844.901984,0.98739,0.00131,1.0223,-0.11,3.38,11.90,12331
2460844.902138,0.98840,0.00131,1.0222,1.28,-0.28,11.23,14291
2460844.902293,0.99060,0.00133,1.0221,1.76,0.63,12.14,9980
2460844.902455,0.98712,0.00131,1.0220,-1.50,-0.05,10.33,14318
2460844.902606,0.98451,0.00130,1.0219,0.17,0.38,10.72,14542
2460844.902766,0.98510,0.00131,1.0218,1.90,0.00,10.92,13064
2460844.902954,0.98702,0.00132,1.0217,-0.53,3.30,11.53,10962
2460844.903112,0.98957,0.00133,1.0216,-1.07,1.16,13.15,8804
2460844.903269,0.98731,0.00131,1.0215,1.84,-0.80,10.50,14854
2460844.903422,0.98570,0.00130,1.0214,-2.00,0.80,10.01,17075
2460844.903579,0.98794,0.00131,1.0213,1.07,1.74,11.17,12563
2460844.903737,0.98776,0.00131,1.0212,-0.34,-0.33,11.14,13533
2460844.903895,0.98998,0.00131,1.0211,1.19,0.07,10.32,15657
2460844.904048,0.98549,0.00132,1.0210,0.44,2.90,11.53,11315
2460844.904205,0.99045,0.00132,1.0209,-1.78,-1.04,13.01,9512
2460844.904358,0.98877,0.00134,1.0208,2.52,1.19,13.60,7851
2460844.904516,0.99203,0.00133,1.0208,-1.23,2.72,14.60,8149
2460844.904676,0.98879,0.00132,1.0207,0.25,1.03,11.99,10967
2460844.904834,0.98802,0.00132,1.0206,0.81,-1.46,12.71,9348
2460844.904993,0.98585,0.00130,1.0205,-0.28,1.11,11.69,12986
2460844.905153,0.98858,0.00130,1.0204,0.30,0.79,9.81,16724
2460844.905308,0.98787,0.00131,1.0203,0.52,-0.01,12.52,10706
2460844.905459,0.98930,0.00134,1.0202,-0.50,0.59,14.38,7028
2460844.905618,0.98641,0.00130,1.0201,-1.28,0.36,10.21,15899
2460844.905776,0.98494,0.00130,1.0200,0.48,-2.04,10.90,14592
2460844.905934,0.98508,0.00130,1.0199,1.00,-0.07,10.82,13583
2460844.906085,0.98745,0.00130,1.0199,-2.79,-0.22,10.67,14939
2460844.906243,0.98976,0.00131,1.0198,1.69,-0.48,10.58,13851
2460844.906403,0.98752,0.00132,1.0197,-1.41,0.32,12.41,10093
2460844.906562,0.98467,0.00130,1.0196,1.50,0.02,11.03,12721
2460844.906713,0.98825,0.00133,1.0195,1.16,1.70,14.01,8113
2460844.906870,0.98753,0.00133,1.0194,-0.89,2.06,13.55,8518
2460844.907033,0.98447,0.00131,1.0194,2.09,2.47,12.19,10171
2460844.907199,0.98481,0.00130,1.0193,-0.02,-1.22,10.72,14727
2460844.907354,0.98569,0.00131,1.0192,-0.39,1.44,11.98,11486
2460844.907512,0.98696,0.00130,1.0191,-0.97,2.07,10.50,15217
2460844.907700,0.98673,0.00132,1.0190,0.88,1.46,14.01,8989
2460844.907851,0.98834,0.00133,1.0189,2.88,-2.30,13.86,8803
2460844.908006,0.98854,0.00132,1.0189,-1.78,1.11,13.78,9451
2460844.908162,0.98821,0.00134,1.0188,1.27,-0.30,14.18,8935
2460844.908321,0.98695,0.00132,1.0187,-0.08,1.96,13.25,9063
2460844.908472,0.98936,0.00132,1.0186,0.45,0.72,12.19,10386
2460844.908633,0.98513,0.00131,1.0186,0.03,0.65,10.87,12489
2460844.908783,0.98585,0.00130,1.0185,0.34,-0.13,12.79,11613
2460844.908942,0.98670,0.00130,1.0184,0.25,2.38,11.92,13184
2460844.909099,0.98582,0.00131,1.0184,1.01,-2.43,12.73,11220
2460844.909251,0.98575,0.00131,1.0183,-0.34,3.01,13.10,10279
2460844.909437,0.98521,0.00131,1.0182,0.87,-0.34,11.04,12852
2460844.909594,0.98798,0.00132,1.0181,-2.34,-1.23,12.27,10878
2460844.909752,0.98654,0.00131,1.0180,2.35,3.67,12.07,11616
2460844.909905,0.98788,0.00131,1.0180,0.04,-1.13,12.16,11692
2460844.910065,0.98406,0.00130,1.0179,0.29,1.52,11.24,13708
2460844.910220,0.98859,0.00132,1.0178,0.36,2.02,14.60,7754
2460844.910377,0.98800,0.00131,1.0178,-0.50,-0.58,11.57,12129
2460844.910532,0.98351,0.00131,1.0177,0.42,1.05,11.95,10806
2460844.910682,0.98493,0.00130,1.0176,-0.01,-2.27,11.73,12031
2460844.910840,0.98926,0.00131,1.0176,0.93,-0.15,12.74,10694
2460844.910998,0.98588,0.00130,1.0175,-2.00,-0.30,11.87,12101
2460844.911148,0.98726,0.00131,1.0174,0.06,-2.48,11.70,11937
2460844.911309,0.98720,0.00131,1.0174,-0.87,0.21,11.90,11555
2460844.911466,0.98682,0.00130,1.0173,-0.00,1.37,11.27,12226
2460844.911624,0.98459,0.00131,1.0173,1.34,-2.82,12.73,9979
2460844.911774,0.98567,0.00130,1.0172,-1.35,2.62,10.07,15270
2460844.911930,0.98536,0.00131,1.0171,0.94,-0.41,12.76,9874
2460844.912085,0.98337,0.00130,1.0171,-0.29,-0.86,11.82,11388
2460844.912244,0.98872,0.00130,1.0170,0.28,2.07,10.98,13172
2460844.912401,0.98746,0.00131,1.0170,1.08,1.76,12.12,10899
2460844.912553,0.98352,0.00130,1.0169,-1.71,-0.65,11.98,11760
2460844.912711,0.98573,0.00130,1.0168,2.05,0.34,10.50,14458
2460844.912869,0.98415,0.00130,1.0168,1.17,0.67,11.16,13608
2460844.913025,0.98884,0.00131,1.0167,-0.92,1.90,11.67,12036
2460844.913184,0.98815,0.00130,1.0167,-0.72,0.58,11.25,13573
2460844.913337,0.98890,0.00131,1.0166,2.24,0.55,11.72,11448
2460844.913495,0.98586,0.00130,1.0166,-0.99,0.76,11.01,13683
2460844.913646,0.98671,0.00130,1.0165,-0.42,-0.23,10.52,15036
2460844.913804,0.98601,0.00130,1.0165,0.47,2.05,10.61,14314
2460844.913962,0.98892,0.00131,1.0164,0.90,-0.03,12.03,11882
2460844.914120,0.98585,0.00130,1.0164,0.13,-0.94,10.63,13808
2460844.914275,0.98960,0.00131,1.0163,0.34,1.98,12.33,10905
2460844.914433,0.98517,0.00130,1.0163,1.83,-0.09,11.30,13624
2460844.914590,0.98676,0.00130,1.0162,-1.97,0.96,10.54,15308
2460844.914748,0.98437,0.00129,1.0162,1.01,-0.70,10.91,15220
2460844.914899,0.98314,0.00130,1.0161,0.56,0.46,11.32,14182
2460844.915059,0.98749,0.00130,1.0160,0.32,0.88,11.32,13763
2460844.915214,0.98605,0.00130,1.0160,0.73,-2.04,10.85,15054
2460844.915366,0.98573,0.00130,1.0160,-0.16,2.77,10.36,16006
2460844.915524,0.98574,0.00130,1.0159,0.17,0.94,10.18,16093
2460844.915682,0.98723,0.00130,1.0159,0.37,0.03,11.41,12698
2460844.915833,0.98652,0.00130,1.0158,1.57,0.88,11.53,12278
2460844.915993,0.98782,0.00130,1.0158,0.77,0.46,12.31,10940
2460844.916144,0.98152,0.00129,1.0157,-2.02,0.64,10.95,13722
2460844.916303,0.98823,0.00131,1.0157,0.06,-2.41,11.79,11082
2460844.916460,0.98708,0.00131,1.0156,-0.47,1.00,12.19,10709
2460844.916612,0.98673,0.00130,1.0156,1.17,0.76,10.77,15590
2460844.916770,0.98814,0.00133,1.0156,1.80,1.06,13.68,8677
2460844.916926,0.98884,0.00132,1.0155,-1.65,0.65,12.83,10575
2460844.917083,0.98861,0.00132,1.0155,1.65,-0.29,12.96,9970
2460844.917240,0.98914,0.00131,1.0154,-0.44,2.46,13.80,9259
2460844.917560,0.98593,0.00130,1.0154,-0.83,-0.44,10.63,13764
2460844.917712,0.98608,0.00131,1.0153,0.76,1.75,12.33,11320
2460844.917864,0.98605,0.00131,1.0153,1.99,-2.38,11.42,11710
2460844.918023,0.98465,0.00130,1.0153,-1.30,3.20,11.86,12048
2460844.918182,0.98640,0.00130,1.0152,0.75,-2.90,11.67,12147
2460844.918339,0.98760,0.00133,1.0152,-2.16,3.65,14.03,7506
2460844.918809,0.98947,0.00131,1.0151,1.09,-1.20,11.15,13542
2460844.918970,0.98493,0.00130,1.0151,1.24,1.80,11.99,12116
2460844.919122,0.98992,0.00131,1.0150,-1.61,-0.97,12.40,10975
2460844.919294,0.98536,0.00130,1.0150,1.91,-0.16,12.05,11430
2460844.919445,0.98484,0.00130,1.0150,-1.21,-0.61,12.16,11530
2460844.919602,0.98467,0.00130,1.0149,1.79,0.88,11.18,13983
2460844.919761,0.98750,0.00131,1.0149,-0.72,0.81,11.66,12431
2460844.919919,0.98485,0.00130,1.0149,0.04,0.13,14.32,10044
2460844.920077,0.98668,0.00131,1.0149,-0.73,-0.12,12.80,10659
2460844.920232,0.98811,0.00132,1.0148,1.19,1.25,14.83,8336
2460844.920384,0.98641,0.00132,1.0148,1.55,1.77,13.89,8721
2460844.920541,0.98538,0.00131,1.0148,0.36,-1.14,13.17,10290
2460844.920699,0.98518,0.00130,1.0148,-0.09,1.04,12.46,11166
2460844.920858,0.98471,0.00131,1.0147,-1.23,-1.39,13.40,10439
2460844.921014,0.98647,0.00131,1.0147,2.84,0.23,12.97,11027
2460844.921167,0.98913,0.00132,1.0147,-1.65,3.53,14.83,7765
2460844.921323,0.98874,0.00132,1.0147,1.14,0.49,14.82,8644
2460844.921480,0.98671,0.00131,1.0146,0.09,-0.46,13.93,11181
2460844.921638,0.98483,0.00131,1.0146,0.84,2.30,11.34,12358
2460844.922108,0.98880,0.00132,1.0146,2.23,1.00,14.95,8104
2460844.922259,0.99018,0.00132,1.0145,-1.00,0.93,13.57,9271
2460844.922416,0.98751,0.00132,1.0145,2.42,-1.62,13.24,9210
2460844.922576,0.98765,0.00130,1.0145,-1.36,0.68,12.78,11087
2460844.922733,0.98613,0.00130,1.0145,0.89,1.18,12.06,13047
2460844.922891,0.98279,0.00129,1.0145,0.29,0.05,11.72,13647
2460844.923049,0.99036,0.00131,1.0145,0.26,1.00,13.40,9970
2460844.923202,0.98774,0.00131,1.0145,-0.18,2.23,12.65,10713
2460844.923358,0.98739,0.00130,1.0144,-0.02,0.20,12.57,11651
2460844.923511,0.98920,0.00130,1.0144,1.45,-1.58,11.35,14419
2460844.923666,0.98583,0.00129,1.0144,0.49,1.68,10.63,17721
2460844.923823,0.98598,0.00130,1.0144,0.78,-1.08,11.62,14332
2460844.923980,0.98877,0.00130,1.0144,-1.84,1.39,10.77,14455
2460844.924137,0.98861,0.00130,1.0144,2.39,1.36,12.42,12294
2460844.924287,0.98871,0.00131,1.0144,-0.35,-0.05,12.90,10442
2460844.924447,0.99119,0.00130,1.0144,1.18,1.37,12.93,11325
2460844.924600,0.98762,0.00130,1.0144,0.47,-0.50,11.45,12989
2460844.924761,0.98369,0.00130,1.0143,0.69,0.65,12.80,11528
2460844.924914,0.98836,0.00130,1.0143,-0.37,1.35,12.26,12444
2460844.925072,0.98537,0.00130,1.0143,-1.14,2.25,11.33,12214
2460844.925229,0.98330,0.00130,1.0143,0.47,-1.23,10.84,15327
2460844.925379,0.98821,0.00130,1.0143,0.56,1.57,11.46,13095
2460844.925540,0.98643,0.00130,1.0143,1.46,-0.17,11.31,13402
2460844.925691,0.98472,0.00130,1.0143,-0.11,1.08,11.24,13236
2460844.925849,0.98878,0.00131,1.0143,1.64,2.58,12.52,11049
2460844.926000,0.98430,0.00130,1.0143,-1.96,-0.11,12.18,11477
2460844.926158,0.98482,0.00130,1.0143,0.37,1.56,12.67,10192
2460844.926316,0.98801,0.00131,1.0143,-0.30,0.15,12.75,10051
2460844.926477,0.98689,0.00132,1.0143,1.47,-1.64,13.39,8942
2460844.926629,0.97388,0.00130,1.0143,0.68,0.23,12.13,9233
2460844.926794,0.98661,0.00130,1.0143,-0.52,1.88,12.09,12659
2460844.926946,0.98237,0.00130,1.0143,1.73,1.51,11.63,13258
2460844.927105,0.98572,0.00131,1.0143,-1.18,1.39,12.30,12163
2460844.927263,0.98986,0.00130,1.0143,1.02,0.89,10.54,15353
2460844.927415,0.98635,0.00130,1.0143,2.04,0.85,12.29,13353
2460844.927576,0.98621,0.00130,1.0143,0.30,0.02,11.73,13654
2460844.927741,0.98482,0.00129,1.0143,-1.05,0.73,10.95,16820
2460844.927902,0.98291,0.00129,1.0143,2.52,0.18,11.50,15698
2460844.928056,0.98665,0.00130,1.0143,-1.80,1.38,11.62,14753
2460844.928214,0.98388,0.00129,1.0143,-0.08,-0.15,10.96,16509
2460844.928373,0.98754,0.00130,1.0143,0.69,1.19,12.07,13709
2460844.928526,0.98575,0.00130,1.0143,1.93,1.82,11.30,16034
2460844.928683,0.98621,0.00129,1.0144,-0.18,0.14,11.77,16451
2460844.928840,0.98648,0.00129,1.0144,0.59,-0.76,12.21,15465
2460844.928997,0.98657,0.00129,1.0144,1.27,0.68,12.12,15400
2460844.929154,0.98718,0.00129,1.0144,-1.41,0.57,11.62,17703
2460844.929312,0.98431,0.00129,1.0144,1.54,0.62,11.53,14373
2460844.929468,0.98522,0.00129,1.0144,0.67,0.86,11.70,16354
2460844.929625,0.98730,0.00129,1.0144,1.01,0.96,9.99,20128
2460844.929780,0.98600,0.00129,1.0144,0.09,0.81,11.25,18037
2460844.929937,0.98363,0.00129,1.0144,1.14,0.15,11.46,20077
2460844.930096,0.98697,0.00129,1.0145,-0.35,1.88,11.31,20762
2460844.930261,0.98519,0.00129,1.0145,0.89,2.02,11.24,19045
2460844.930419,0.98458,0.00129,1.0145,0.43,0.12,11.83,20338
2460844.930574,0.98915,0.00130,1.0145,1.00,0.09,12.08,15811
2460844.930731,0.98920,0.00130,1.0145,-0.17,1.92,10.80,21366
2460844.930888,0.98691,0.00130,1.0145,-0.99,1.00,11.31,17523
2460844.931045,0.98755,0.00130,1.0146,2.42,0.15,11.66,20643
2460844.931201,0.98609,0.00129,1.0146,1.08,1.11,12.39,17850
2460844.931359,0.98345,0.00129,1.0146,0.76,2.06,10.15,24078
2460844.931516,0.98601,0.00129,1.0146,0.08,0.52,10.09,23562
2460844.931666,0.98633,0.00129,1.0146,1.07,0.61,10.94,21505
2460844.931827,0.98761,0.00129,1.0147,-0.04,2.24,10.23,23457
2460844.931986,0.98691,0.00129,1.0147,1.16,0.98,10.71,21052
2460844.932143,0.99135,0.00130,1.0147,-1.12,1.26,10.04,22837
2460844.932300,0.98849,0.00130,1.0147,0.05,2.22,11.88,18351
2460844.932450,0.99005,0.00130,1.0147,2.08,0.24,11.49,19871
2460844.932608,0.98794,0.00129,1.0148,-0.62,1.05,11.75,19774
2460844.932766,0.98977,0.00129,1.0148,1.63,1.80,11.60,18934
2460844.932924,0.98845,0.00129,1.0148,0.38,1.02,11.38,20472
2460844.933079,0.98905,0.00129,1.0148,1.61,1.49,11.63,19708
2460844.933237,0.98301,0.00129,1.0149,-0.31,0.36,10.67,22793
2460844.933393,0.98758,0.00129,1.0149,0.93,2.42,10.92,22508
2460844.933551,0.98834,0.00129,1.0149,-0.48,0.57,11.13,22032
2460844.933701,0.98983,0.00129,1.0150,1.34,0.73,11.33,19882
2460844.933859,0.98700,0.00129,1.0150,0.33,0.85,11.77,17962
2460844.934016,0.98505,0.00129,1.0150,0.68,0.24,11.19,19448
2460844.934166,0.98902,0.00129,1.0151,1.10,1.30,10.75,20022
2460844.934323,0.98749,0.00129,1.0151,0.03,0.70,12.16,16812
2460844.934480,0.98583,0.00129,1.0151,1.59,0.60,11.18,20215
2460844.934637,0.98876,0.00129,1.0151,1.21,0.74,11.12,21779
2460844.934795,0.98672,0.00129,1.0152,1.68,0.22,11.90,16835
2460844.934957,0.98590,0.00129,1.0152,0.08,0.43,11.50,19483
2460844.935112,0.98764,0.00129,1.0152,-0.75,-0.11,10.26,22554
2460844.935272,0.98483,0.00129,1.0153,0.87,1.27,10.77,22610
2460844.935437,0.98840,0.00129,1.0153,0.26,0.31,10.40,20981
2460844.935595,0.98989,0.00129,1.0154,1.48,0.96,10.56,21923
2460844.935752,0.98679,0.00129,1.0154,-0.29,0.18,10.22,25062
2460844.935905,0.98825,0.00129,1.0154,1.29,1.78,10.96,21414
2460844.936060,0.98870,0.00129,1.0155,-0.45,1.17,11.21,23065
2460844.936374,0.98804,0.00129,1.0155,1.36,0.88,10.79,23904
2460844.936525,0.98738,0.00129,1.0156,0.57,0.17,9.30,28243
2460844.936682,0.98435,0.00129,1.0156,1.74,0.54,9.80,26310
2460844.936840,0.98686,0.00129,1.0157,-0.54,0.71,10.09,24525
2460844.936990,0.98916,0.00129,1.0157,0.74,0.34,10.78,24684
2460844.937150,0.99053,0.00129,1.0158,0.48,0.55,10.68,23161
2460844.937308,0.98710,0.00129,1.0158,1.09,0.86,10.42,25772
2460844.937465,0.98925,0.00129,1.0158,0.78,0.77,10.79,24001
2460844.937622,0.98886,0.00129,1.0159,-0.67,1.38,10.13,25286
2460844.937775,0.98874,0.00129,1.0159,0.78,2.09,10.65,24534
2460844.937934,0.98769,0.00129,1.0160,0.91,0.44,10.62,23361
2460844.938089,0.98903,0.00130,1.0160,-0.77,2.27,11.39,20482
2460844.938248,0.98860,0.00129,1.0161,1.48,0.17,10.79,20179
2460844.938398,0.99027,0.00129,1.0161,0.34,-0.12,10.07,22695
2460844.938555,0.98764,0.00129,1.0162,0.90,0.07,10.11,22555
2460844.938713,0.98944,0.00129,1.0162,-0.29,1.04,9.45,27578
2460844.938870,0.98712,0.00129,1.0163,0.83,-0.37,9.46,27145
2460844.939026,0.99086,0.00130,1.0163,1.09,-0.76,10.29,20126
2460844.939182,0.98733,0.00129,1.0164,1.10,-0.87,11.39,17806
2460844.939343,0.98869,0.00129,1.0164,2.54,-0.45,10.95,21679
2460844.939500,0.99086,0.00130,1.0165,-0.60,-0.82,9.30,24849
2460844.939659,0.98874,0.00129,1.0165,-0.17,0.02,10.30,20532
2460844.939818,0.98857,0.00129,1.0166,2.47,-0.37,8.97,27940
2460844.939970,0.98725,0.00129,1.0167,-0.42,0.71,9.43,26230
2460844.940124,0.98659,0.00129,1.0167,0.54,0.73,8.70,25125
2460844.940282,0.98868,0.00129,1.0168,0.54,0.71,8.92,29068
2460844.940439,0.98887,0.00129,1.0168,-1.52,0.55,8.16,29347
2460844.940589,0.98803,0.00129,1.0169,1.37,1.73,9.77,22021
2460844.940747,0.98745,0.00129,1.0169,-0.83,0.69,9.23,25343
2460844.940901,0.99201,0.00130,1.0170,1.21,1.43,9.91,21681
2460844.941056,0.98655,0.00129,1.0171,-0.74,1.39,8.54,26814
2460844.941212,0.99015,0.00129,1.0171,-0.46,0.91,10.52,20420
2460844.941370,0.98637,0.00129,1.0172,1.61,0.06,8.79,27886
2460844.941527,0.99143,0.00130,1.0172,-1.08,0.50,10.88,19942
2460844.941684,0.98520,0.00129,1.0173,1.11,0.14,9.67,23125
2460844.941837,0.98736,0.00129,1.0173,0.73,-0.30,9.69,25148
2460844.941996,0.98935,0.00130,1.0174,-0.76,1.75,10.33,21516
2460844.942148,0.98483,0.00129,1.0175,0.71,0.03,11.01,19128
2460844.942311,0.98894,0.00130,1.0175,0.64,-0.44,11.27,18329
2460844.942462,0.98923,0.00130,1.0176,0.52,1.26,11.92,16828
2460844.942619,0.98955,0.00130,1.0177,1.34,-0.02,11.49,18219
2460844.942777,0.98914,0.00130,1.0177,-0.83,0.76,11.95,15548
2460844.942936,0.98860,0.00130,1.0178,0.23,0.36,11.64,15699
2460844.943085,0.98768,0.00130,1.0179,1.33,0.61,10.94,17899
2460844.943246,0.98885,0.00130,1.0179,-0.15,-0.54,11.22,15489
2460844.943403,0.98989,0.00130,1.0180,-0.70,1.27,10.09,18836
2460844.943598,0.98889,0.00130,1.0181,0.23,0.07,11.45,18073
2460844.943748,0.98783,0.00130,1.0182,-0.27,0.66,11.66,16787
2460844.943907,0.99129,0.00130,1.0182,0.98,1.07,11.24,17263
2460844.944061,0.98797,0.00130,1.0183,-0.45,0.71,11.17,17695
2460844.944217,0.98755,0.00130,1.0184,-1.13,0.06,11.96,13318
2460844.944375,0.99212,0.00131,1.0185,0.79,1.48,12.09,14487
2460844.944532,0.98990,0.00132,1.0185,0.92,-0.60,11.95,13499
2460844.944697,0.98894,0.00130,1.0186,-0.12,-1.17,12.12,13973
2460844.944854,0.98915,0.00130,1.0187,0.66,1.17,12.01,15150
2460844.945008,0.98825,0.00130,1.0188,-0.93,-0.73,11.62,15841
2460844.945166,0.98810,0.00130,1.0188,1.29,-0.87,10.57,17028
2460844.945328,0.98801,0.00130,1.0189,1.44,0.55,11.12,16671
2460844.945479,0.98980,0.00130,1.0190,0.78,-0.17,10.23,17807
2460844.945637,0.99169,0.00131,1.0191,1.77,-1.32,11.67,16067
2460844.945796,0.98937,0.00131,1.0192,1.76,-0.73,12.33,13498
2460844.945946,0.99200,0.00131,1.0192,-0.36,0.84,12.01,14663
2460844.946103,0.99024,0.00131,1.0193,-0.14,0.38,11.52,16564
2460844.946260,0.98852,0.00130,1.0194,1.59,0.05,10.99,17159
2460844.946412,0.99047,0.00130,1.0195,-1.97,0.77,11.56,17855
2460844.946569,0.99225,0.00131,1.0196,-0.14,2.00,11.84,15477
2460844.946726,0.98924,0.00130,1.0196,0.94,0.89,11.08,16588
2460844.946885,0.98873,0.00130,1.0197,-2.24,0.84,12.10,15629
2460844.947035,0.98895,0.00130,1.0198,0.20,-0.14,12.60,15561
2460844.947191,0.99057,0.00131,1.0199,0.83,0.56,12.80,14119
2460844.947351,0.99013,0.00131,1.0200,0.11,-0.00,14.29,12588
2460844.947509,0.99185,0.00131,1.0201,0.53,-0.25,12.20,15900
2460844.947660,0.98802,0.00130,1.0201,1.37,0.47,10.51,18036
2460844.947817,0.99341,0.00131,1.0202,-0.86,0.49,11.61,16069
2460844.947992,0.99046,0.00131,1.0203,0.39,0.52,10.64,18377
2460844.948147,0.99094,0.00131,1.0204,2.64,1.04,13.18,13788
2460844.948308,0.98823,0.00130,1.0205,0.94,-0.41,12.75,12989
2460844.948460,0.99196,0.00131,1.0206,-0.17,1.32,13.29,13442
2460844.948618,0.98919,0.00130,1.0207,0.24,0.94,10.96,16854
2460844.948775,0.99116,0.00130,1.0208,0.29,-0.37,11.70,14977
2460844.948934,0.99037,0.00131,1.0209,0.55,-0.11,11.97,13005
2460844.949091,0.98915,0.00130,1.0210,0.79,1.84,13.20,14616
2460844.949266,0.99013,0.00130,1.0211,-1.75,1.90,12.35,15003
2460844.949424,0.98797,0.00130,1.0212,0.39,1.12,11.93,16075
2460844.949583,0.99097,0.00130,1.0213,1.03,1.14,11.86,16112
2460844.949740,0.99017,0.00131,1.0214,2.24,-0.07,12.61,14555
2460844.949897,0.99268,0.00131,1.0215,-1.28,-0.36,11.96,14640
2460844.950059,0.98977,0.00130,1.0216,1.67,-1.42,12.22,14761
2460844.950211,0.99156,0.00131,1.0217,3.04,0.04,11.99,15522
2460844.950368,0.99433,0.00131,1.0218,0.53,0.48,12.10,12507
2460844.950541,0.99241,0.00131,1.0219,-0.24,-1.66,11.46,14748
2460844.950698,0.98936,0.00130,1.0220,-0.14,0.65,10.34,17416
2460844.950855,0.99105,0.00130,1.0221,0.26,0.27,11.38,15838
2460844.951008,0.99412,0.00131,1.0222,-0.88,-0.06,10.91,16945
2460844.951166,0.98769,0.00130,1.0223,-0.15,2.33,12.11,14703
2460844.951319,0.99149,0.00130,1.0224,1.05,0.33,11.76,16604
2460844.951481,0.99084,0.00130,1.0225,-2.33,1.34,11.39,17769
2460844.951633,0.99209,0.00131,1.0226,-3.07,2.60,12.74,14456
2460844.951790,0.99194,0.00131,1.0227,0.50,1.34,12.91,13197
2460844.951948,0.99155,0.00131,1.0228,-0.72,0.44,11.67,15486
2460844.952105,0.99169,0.00131,1.0229,-0.54,0.24,12.52,13435
2460844.952269,0.99224,0.00131,1.0230,0.95,1.02,12.01,13576
2460844.952434,0.99038,0.00131,1.0231,1.75,-1.39,12.06,14092
2460844.952590,0.99242,0.00131,1.0232,-0.86,-0.17,12.29,12120
2460844.952747,0.98960,0.00131,1.0233,0.34,-0.12,11.44,13928
2460844.952897,0.99067,0.00131,1.0234,1.15,1.17,11.98,12857
2460844.953054,0.98818,0.00130,1.0236,-1.32,1.15,12.53,12612
2460844.953215,0.99011,0.00132,1.0237,1.08,-0.28,13.75,11838
2460844.953370,0.99177,0.00131,1.0238,0.82,0.26,11.49,14342
2460844.953525,0.99154,0.00131,1.0239,1.19,0.47,10.58,17207
2460844.953682,0.99104,0.00131,1.0240,-0.15,0.23,12.33,13343
2460844.953839,0.98979,0.00131,1.0241,-1.18,0.86,14.99,12049
2460844.954011,0.99028,0.00131,1.0243,1.01,1.38,13.16,11990
2460844.954170,0.99518,0.00132,1.0244,1.09,-0.21,12.91,12125
2460844.954325,0.99307,0.00132,1.0245,1.03,0.04,12.09,13897
2460844.954477,0.99069,0.00131,1.0246,0.84,0.13,11.66,15567
2460844.954642,0.98863,0.00131,1.0247,2.58,-1.02,12.22,14421
2460844.954797,0.99131,0.00131,1.0248,1.58,-1.03,11.45,17703
2460844.954955,0.99207,0.00132,1.0250,-1.91,1.01,12.94,12217
2460844.955112,0.99347,0.00132,1.0251,-1.11,1.92,12.72,12679
2460844.955270,0.99402,0.00131,1.0252,-2.94,3.30,12.26,13747
2460844.955427,0.99249,0.00131,1.0253,0.49,1.25,11.86,15801
2460844.955585,0.99085,0.00131,1.0254,-0.88,2.50,12.83,13150
2460844.955744,0.99244,0.00131,1.0256,-0.16,-1.14,13.54,12181
2460844.955900,0.99669,0.00132,1.0257,-0.70,1.66,12.33,15307
2460844.956052,0.99009,0.00131,1.0258,0.90,1.35,12.73,14292
2460844.956209,0.99079,0.00131,1.0259,-0.19,0.97,12.21,15773
2460844.956370,0.99372,0.00132,1.0260,-0.82,-0.53,12.71,14283
2460844.956526,0.99146,0.00131,1.0262,0.50,1.65,11.94,14381
2460844.956679,0.99383,0.00131,1.0263,1.44,0.99,12.32,14418
2460844.956834,0.99171,0.00131,1.0264,-0.74,0.43,12.54,13929
2460844.956993,0.99140,0.00131,1.0266,0.63,0.49,11.51,17884
2460844.957151,0.99043,0.00131,1.0267,-0.38,0.15,12.52,14915
2460844.957301,0.99235,0.00131,1.0268,1.12,0.85,12.36,12990
2460844.957460,0.99419,0.00132,1.0269,-0.85,0.46,13.70,11180
2460844.957631,0.99166,0.00131,1.0271,-1.57,2.03,13.18,13104
2460844.957788,0.99155,0.00131,1.0272,1.98,0.71,12.71,13682
2460844.957946,0.98927,0.00131,1.0273,-0.29,1.89,12.62,12568
2460844.958105,0.99751,0.00132,1.0275,2.26,-1.29,13.67,12174
2460844.960485,0.99724,0.00133,1.0296,-22.04,-10.85,12.91,11293
2460844.960642,0.99381,0.00133,1.0297,1.70,2.45,14.86,9644
2460844.960802,0.99283,0.00133,1.0299,0.61,1.38,13.23,9928
2460844.960959,0.99555,0.00133,1.0300,2.19,0.64,13.04,11195
2460844.961115,0.99078,0.00132,1.0301,-1.72,1.43,13.04,12510
2460844.961272,0.99479,0.00133,1.0303,-2.32,1.81,11.96,13746
2460844.961428,0.99031,0.00132,1.0304,-0.92,1.89,12.21,12377
2460844.961588,1.00082,0.00134,1.0306,-1.88,-0.04,14.11,10437
2460844.961738,0.99052,0.00132,1.0307,1.47,0.54,12.32,12340
2460844.961895,0.99243,0.00132,1.0309,1.38,-0.82,11.46,14017
2460844.962052,0.99616,0.00134,1.0310,1.46,1.10,14.98,8934
2460844.962210,0.99293,0.00133,1.0312,-0.41,-0.05,12.47,12294
2460844.962361,0.99604,0.00133,1.0313,1.29,1.92,13.77,10303
2460844.962676,0.99421,0.00133,1.0316,-3.32,2.13,13.51,10352
2460844.962829,0.99181,0.00132,1.0318,-0.42,0.89,12.55,11917
2460844.962980,0.99187,0.00133,1.0319,-1.37,1.36,13.43,11813
2460844.963134,0.99514,0.00133,1.0321,0.27,1.45,12.49,11445
2460844.963292,0.99265,0.00133,1.0322,1.09,1.26,14.06,9461
2460844.963449,0.99327,0.00133,1.0324,0.38,-0.05,13.87,9823
2460844.963600,0.99286,0.00133,1.0326,1.55,0.41,13.85,10644
2460844.963758,0.98953,0.00133,1.0327,0.46,1.10,11.23,13624
2460844.963916,0.99397,0.00133,1.0329,0.97,0.26,14.09,10541
2460844.964066,0.99140,0.00132,1.0330,1.16,1.48,12.34,12600
2460844.964223,0.99508,0.00133,1.0332,-0.01,0.36,12.93,12209
2460844.964375,0.99366,0.00133,1.0333,-0.65,0.86,12.12,11519
2460844.964539,0.99413,0.00133,1.0335,0.99,0.43,12.37,10837
2460844.964693,0.98962,0.00133,1.0337,1.21,1.09,13.87,9380
2460844.964845,0.99525,0.00133,1.0338,-1.29,-0.30,13.33,11414
2460844.965011,0.99388,0.00133,1.0340,1.67,2.62,12.40,11194
2460844.965161,0.99359,0.00133,1.0341,0.60,-0.50,12.75,10847
2460844.965473,0.99318,0.00133,1.0345,-0.16,0.50,13.88,10200
2460844.965633,0.99558,0.00133,1.0346,1.00,0.46,12.62,12189
2460844.965787,0.99106,0.00132,1.0348,1.12,-0.07,12.36,11655
2460844.965941,0.99064,0.00133,1.0350,-0.12,1.39,14.36,8454
2460844.966095,0.99590,0.00133,1.0351,-1.98,1.64,12.81,10517
2460844.966255,0.99401,0.00134,1.0353,-2.45,1.62,13.98,8462
2460844.966408,0.99304,0.00133,1.0355,-1.58,1.21,14.11,9195
2460844.966558,0.99746,0.00134,1.0356,-0.25,1.70,13.26,10454
2460844.966716,0.99256,0.00133,1.0358,0.77,2.04,12.77,10358
2460844.966871,0.99065,0.00133,1.0360,1.51,0.53,13.13,9611
2460844.967023,0.99238,0.00133,1.0361,-0.54,0.10,14.63,8798
2460844.967180,0.99473,0.00134,1.0363,1.13,0.88,14.15,9722
2460844.967337,0.99293,0.00134,1.0365,0.46,1.27,13.97,8697
2460844.967487,0.99441,0.00133,1.0367,0.17,0.16,12.79,10850
2460844.967646,0.99186,0.00133,1.0368,1.37,1.79,14.96,9197
2460844.967795,0.99433,0.00133,1.0370,2.40,1.13,12.00,11924
2460844.967949,0.99443,0.00134,1.0372,1.26,1.75,13.73,8940
2460844.968106,0.99357,0.00133,1.0373,-1.81,2.22,13.93,10106
2460844.968263,0.99707,0.00134,1.0375,-1.79,1.14,13.46,10930
2460844.968422,0.99351,0.00134,1.0377,1.39,1.54,13.77,10185
2460844.968570,0.99204,0.00133,1.0379,1.94,1.78,13.58,10725
2460844.968727,0.99095,0.00133,1.0380,1.85,0.27,12.89,11017
2460844.968888,0.99567,0.00134,1.0382,0.87,-1.08,12.41,11160
2460844.969039,0.98848,0.00133,1.0384,0.64,1.00,12.61,11703
2460844.969195,0.99910,0.00134,1.0386,-0.25,0.97,13.86,10931
2460844.969354,0.98926,0.00134,1.0388,-2.11,0.27,14.30,8281
2460844.969513,0.99568,0.00135,1.0390,-2.50,1.87,14.04,9147
2460844.969663,0.99170,0.00134,1.0391,-2.11,2.96,13.28,10049
2460844.969820,0.99875,0.00134,1.0393,-3.40,1.78,13.79,9580
2460844.969978,0.98926,0.00133,1.0395,-0.87,0.23,12.67,12041
2460844.970127,0.99429,0.00134,1.0397,-0.59,0.02,12.22,12104
2460844.970285,0.99278,0.00133,1.0399,1.49,-0.06,13.18,11045
2460844.970442,0.99817,0.00134,1.0401,2.66,0.93,13.43,10022
2460844.970596,0.99159,0.00133,1.0402,2.38,0.17,14.12,9482
2460844.970749,0.99422,0.00133,1.0404,0.22,0.72,13.03,10719
2460844.970906,0.98875,0.00133,1.0406,0.59,0.31,12.91,11333
2460844.971058,0.99011,0.00134,1.0408,0.68,1.24,13.51,9205
2460844.971214,0.99186,0.00134,1.0410,0.53,0.38,14.67,7648
2460844.971372,0.99317,0.00135,1.0412,-0.85,1.80,14.90,7622
2460844.971517,0.99518,0.00134,1.0414,-0.05,1.11,12.76,9992
2460844.971680,0.99517,0.00134,1.0416,1.33,1.56,14.87,8360
2460844.971991,0.99257,0.00133,1.0419,1.83,-1.09,14.21,8693
2460844.972149,0.99224,0.00133,1.0421,1.60,-0.66,13.98,9245
2460844.972307,0.98912,0.00133,1.0424,2.23,-1.14,11.54,11223
2460844.972458,0.99391,0.00133,1.0425,1.42,-0.50,12.07,11802
2460844.972619,0.99272,0.00133,1.0427,-0.61,1.66,12.67,9932
2460844.972776,0.99287,0.00133,1.0429,-0.79,2.58,12.72,9878
2460844.972932,0.99586,0.00134,1.0431,-1.68,-0.87,13.96,8714
2460844.973090,0.99685,0.00134,1.0433,-1.68,-0.14,13.09,10173
2460844.973251,0.99667,0.00133,1.0435,0.34,-0.52,13.29,10540
2460844.973403,0.99111,0.00133,1.0437,-1.04,-0.54,13.83,10130
2460844.973561,0.99575,0.00134,1.0439,0.98,1.29,13.56,9268
2460844.973718,0.99497,0.00134,1.0441,1.05,0.56,13.07,10175
2460844.973875,0.99892,0.00135,1.0443,0.88,1.66,12.82,9597
2460844.974025,0.99586,0.00133,1.0446,0.79,2.20,12.26,11474
2460844.974183,0.99125,0.00133,1.0448,-1.22,0.09,13.88,9339
2460844.974342,0.98815,0.00134,1.0450,-1.04,-0.04,14.43,8122
2460844.974498,0.99750,0.00135,1.0452,-2.92,2.65,14.73,7930
2460844.974653,0.99453,0.00135,1.0454,-0.65,0.40,14.01,8649
2460844.974963,0.99192,0.00133,1.0458,1.73,-0.83,12.95,9950
2460844.975120,0.99222,0.00134,1.0460,1.93,1.02,12.37,10593
2460844.975272,0.99370,0.00134,1.0462,0.63,-0.39,11.85,11400
2460844.975429,0.99565,0.00134,1.0464,0.85,0.57,12.93,10331
2460844.975587,0.99561,0.00134,1.0466,-1.06,0.04,14.27,8853
2460844.975737,0.99782,0.00135,1.0468,-2.31,0.85,13.50,9193
2460844.976052,0.99813,0.00134,1.0472,-0.04,2.10,12.75,10317
2460844.976199,0.99802,0.00134,1.0475,-0.55,0.07,12.93,11140
2460844.976362,0.99646,0.00134,1.0477,1.97,1.13,14.62,9616
2460844.976512,0.99393,0.00133,1.0479,0.81,0.19,12.17,10637
2460844.976670,0.99423,0.00134,1.0481,0.69,0.30,11.90,11375
2460844.976834,0.99212,0.00133,1.0483,0.03,-0.32,12.23,12324
2460844.976992,0.99801,0.00134,1.0486,-0.79,0.27,12.41,11742
2460844.977149,0.99535,0.00133,1.0488,1.32,1.07,12.22,11654
2460844.977302,0.99262,0.00133,1.0490,0.76,0.51,11.30,13664
2460844.977459,0.99373,0.00132,1.0492,0.68,0.57,11.25,15605
2460844.977643,0.99366,0.00133,1.0495,0.07,1.76,10.81,16218
2460844.977802,0.99644,0.00133,1.0497,-1.19,1.33,10.32,16345
2460844.977991,0.99425,0.00133,1.0500,0.55,-0.14,10.63,16465
2460844.978149,0.99491,0.00133,1.0502,1.31,-0.10,11.59,15951
2460844.978343,0.99370,0.00132,1.0505,1.89,-0.96,10.13,18448
2460844.978493,0.99413,0.00132,1.0507,0.70,-0.07,9.32,19734
2460844.978684,0.99591,0.00133,1.0510,0.33,1.06,10.49,16940
2460844.978841,0.99305,0.00133,1.0512,-0.76,0.48,11.06,13478
2460844.978998,0.99462,0.00133,1.0514,1.41,0.12,10.38,16221
2460844.979150,0.99613,0.00134,1.0516,-0.76,1.44,11.17,13248
2460844.979306,0.99602,0.00134,1.0519,0.43,1.32,11.31,13696
2460844.979498,0.99093,0.00133,1.0521,-0.74,0.75,10.17,14957
2460844.979650,0.99596,0.00134,1.0524,0.09,0.19,11.08,13985
2460844.979812,0.99395,0.00133,1.0526,0.76,-1.34,10.74,15147
2460844.979963,0.99904,0.00134,1.0528,0.60,-0.31,11.34,12737
2460844.980121,0.99652,0.00134,1.0531,0.34,1.39,11.54,11621
2460844.980303,0.99608,0.00134,1.0533,-0.30,0.51,10.92,13136
2460844.980460,0.99638,0.00134,1.0536,-1.15,1.67,11.04,12367
2460844.980654,0.99680,0.00134,1.0539,-1.67,1.07,12.24,11808
2460844.980807,0.99727,0.00134,1.0541,-0.56,0.09,11.77,11923
2460844.981005,0.99411,0.00134,1.0544,-1.21,-1.09,13.19,10749
2460844.981162,0.99588,0.00135,1.0546,-0.09,1.54,12.41,11662
2460844.981349,0.99705,0.00134,1.0549,1.90,-0.66,12.78,10682
2460844.981500,0.99532,0.00134,1.0552,1.74,-0.54,11.96,11791
2460844.981664,0.99827,0.00135,1.0554,-0.62,-0.09,10.97,12878
2460844.981821,0.99277,0.00133,1.0556,-2.76,0.07,10.47,14573
2460844.981971,0.99409,0.00133,1.0559,-1.29,1.63,10.62,15296
2460844.982130,0.99409,0.00133,1.0561,0.13,0.71,9.62,17449
2460844.982289,0.99666,0.00133,1.0564,0.24,0.45,11.20,14399
2460844.982446,0.99482,0.00133,1.0566,-1.20,-0.20,9.52,18554
2460844.982595,0.99500,0.00133,1.0569,0.01,-0.18,12.84,13743
2460844.982752,0.99545,0.00134,1.0571,0.01,0.40,12.38,12357
2460844.982909,0.99719,0.00134,1.0573,-0.20,-0.64,12.78,11874
2460844.983064,0.99817,0.00134,1.0576,-0.80,0.60,11.78,12417
2460844.983216,0.99571,0.00133,1.0578,0.56,-0.24,10.92,14879
2460844.983373,0.99674,0.00133,1.0581,-0.67,0.84,13.06,13002
2460844.983531,0.99836,0.00133,1.0583,-0.11,0.37,10.75,15624
2460844.983688,0.99513,0.00133,1.0586,-1.25,1.60,11.13,14230
2460844.983837,0.99599,0.00133,1.0588,-0.64,1.04,13.11,11263
2460844.984000,0.99765,0.00133,1.0591,0.20,-0.32,11.05,15216
2460844.984152,0.99567,0.00133,1.0593,0.87,-0.55,11.64,13767
2460844.984311,0.99855,0.00134,1.0596,3.89,-0.75,13.15,11197
2460844.984467,0.99630,0.00133,1.0598,1.07,-0.56,11.76,13147
2460844.984624,0.99737,0.00133,1.0601,1.52,-1.22,10.23,16347
2460844.984777,0.99600,0.00133,1.0603,-1.12,0.76,10.42,16023
2460844.984934,0.99534,0.00133,1.0606,-1.88,0.42,12.28,12449
2460844.985091,0.99632,0.00134,1.0609,-2.16,0.62,12.55,12129
2460844.985248,0.99891,0.00134,1.0611,-4.68,1.53,11.95,13083
2460844.985408,0.99694,0.00134,1.0614,-2.21,1.29,13.35,10644
2460844.985558,0.99884,0.00134,1.0616,1.10,0.64,10.81,12631
2460844.985715,0.99698,0.00136,1.0619,1.54,0.87,12.00,10255
2460844.985871,0.99474,0.00135,1.0621,0.37,0.01,13.13,9786
2460844.986022,0.99847,0.00135,1.0624,0.17,-0.93,11.22,12376
2460844.986210,0.99779,0.00135,1.0627,-2.21,-0.16,11.49,11617
2460844.986367,0.99784,0.00134,1.0630,-0.26,-0.56,10.82,13358
2460844.986559,0.99416,0.00134,1.0633,3.25,-0.12,10.19,15546
2460844.986709,0.99890,0.00135,1.0636,2.75,-0.41,12.23,11080
2460844.986904,0.99434,0.00134,1.0639,-2.42,1.03,10.02,14974
2460844.987061,0.99997,0.00135,1.0641,0.46,1.25,12.06,11185
2460844.987254,0.99302,0.00134,1.0645,1.49,-0.09,10.30,14722
2460844.987405,0.99585,0.00135,1.0648,3.76,0.61,10.94,12835
2460844.987564,0.99500,0.00134,1.0650,3.75,0.37,10.76,13612
2460844.987722,0.99595,0.00134,1.0653,-0.49,-0.36,9.81,15634
2460844.987872,0.99864,0.00134,1.0656,-2.63,-0.23,10.93,13866
2460844.988061,1.00080,0.00134,1.0659,-5.59,1.23,10.55,15716
2460844.988215,0.99712,0.00134,1.0662,-2.22,0.29,10.49,14346
2460844.988408,0.99765,0.00134,1.0665,-0.17,-0.56,10.63,15395
2460844.988566,0.99907,0.00134,1.0668,-0.32,0.07,9.76,17540
2460844.988723,0.99952,0.00134,1.0670,0.88,-0.11,9.63,17284
2460844.988873,0.99981,0.00133,1.0673,-0.27,0.26,10.20,18686
2460844.989033,0.99700,0.00133,1.0676,0.52,0.22,9.86,21402
2460844.989187,0.99709,0.00133,1.0679,-0.01,0.68,11.47,16862
2460844.989347,0.99552,0.00133,1.0681,1.27,0.52,9.37,22095
2460844.989505,0.99891,0.00133,1.0684,0.69,-0.01,10.58,19430
2460844.989656,1.00086,0.00134,1.0687,1.55,-0.31,12.11,16970
2460844.989812,0.99696,0.00133,1.0690,0.73,-0.53,9.60,20593
2460844.989965,0.99765,0.00134,1.0693,-0.83,-0.33,12.97,13098
2460844.990126,0.99758,0.00134,1.0696,0.11,0.94,11.56,14639
2460844.990282,0.99667,0.00134,1.0698,1.17,-1.38,9.79,19166
2460844.990436,0.99637,0.00133,1.0701,3.25,0.32,9.95,16901
2460844.990593,0.99766,0.00134,1.0704,1.45,-0.36,10.19,18006
2460844.990750,0.99851,0.00134,1.0707,-2.87,0.65,12.88,12211
2460844.990902,0.99756,0.00134,1.0710,-4.03,1.58,11.31,14252
2460844.991059,0.99760,0.00134,1.0713,-5.30,1.95,10.09,16702
2460844.991220,0.99494,0.00134,1.0716,-0.41,0.28,9.95,16897
2460844.991379,0.99641,0.00134,1.0718,0.76,0.84,12.17,13469
2460844.991530,0.99891,0.00135,1.0721,1.55,0.00,11.25,12941
2460844.991687,0.99767,0.00134,1.0724,0.44,-0.37,10.56,16041
2460844.991843,0.99434,0.00134,1.0727,0.83,-0.12,10.81,15860
2460844.992000,0.99585,0.00134,1.0730,0.51,-1.25,11.94,13887
2460844.992163,0.99589,0.00133,1.0733,-0.51,-0.10,12.61,15328
2460844.992347,0.99543,0.00133,1.0736,-0.01,0.43,9.91,18628
2460844.992497,0.99463,0.00133,1.0739,3.71,-0.22,10.13,19224
2460844.992660,0.99578,0.00134,1.0742,2.55,-0.86,9.91,16959
2460844.992817,0.99737,0.00134,1.0745,-1.12,-0.56,9.74,18256
2460844.992966,0.99837,0.00134,1.0748,-0.08,-0.18,10.03,19273
2460844.993126,0.99749,0.00134,1.0751,1.52,-0.19,9.57,19415
2460844.993290,0.99636,0.00134,1.0754,3.30,-0.43,10.03,18684
2460844.993448,0.99776,0.00134,1.0757,2.13,1.52,10.40,16663
2460844.993601,0.99780,0.00134,1.0760,-2.73,0.85,10.14,17829
2460844.993760,1.00061,0.00135,1.0763,-5.06,0.50,9.55,18118
2460844.993909,0.99829,0.00134,1.0766,-3.67,-0.76,8.87,21526
2460844.994066,0.99409,0.00133,1.0770,-1.03,0.33,9.33,21644
2460844.994223,0.99798,0.00134,1.0773,-0.19,-0.02,9.60,21598
2460844.994385,0.99713,0.00134,1.0776,-0.35,-0.94,8.17,25482
2460844.994534,0.99829,0.00134,1.0779,-0.04,0.72,8.33,25093
2460844.994692,0.99778,0.00134,1.0782,1.15,-0.86,10.09,17647
2460844.994849,0.99459,0.00134,1.0785,0.52,-0.77,9.51,19910
2460844.995006,0.99850,0.00135,1.0788,0.06,-0.22,8.92,20395
2460844.995164,0.99883,0.00135,1.0791,-0.83,-0.43,10.11,17399
2460844.995321,0.99666,0.00134,1.0794,0.96,-0.01,9.94,18548
2460844.995475,0.99900,0.00134,1.0797,1.34,0.36,8.94,23344
2460844.995630,0.99648,0.00134,1.0800,-0.77,0.55,9.59,19652
2460844.995788,0.99620,0.00134,1.0803,-0.92,0.50,7.87,22835
2460844.995947,0.99943,0.00135,1.0807,0.94,0.16,10.47,16905
2460844.996097,0.99437,0.00134,1.0810,2.06,-0.08,8.75,22039
2460844.996254,0.99840,0.00135,1.0813,1.62,-0.59,8.24,22530
2460844.996411,0.99863,0.00134,1.0816,-2.54,-0.03,9.70,23177
2460844.996568,0.99955,0.00134,1.0819,-1.96,-0.63,9.00,22898
2460844.996727,0.99893,0.00135,1.0822,-2.24,0.64,9.58,18239
2460844.996884,0.99901,0.00135,1.0825,-1.89,0.24,9.27,18977
2460844.997033,0.99911,0.00135,1.0829,-0.52,0.78,9.33,19785
2460844.997190,0.99848,0.00135,1.0832,0.41,0.41,10.85,17241
2460844.997347,0.99896,0.00134,1.0835,1.45,-2.04,8.58,23735
2460844.997508,0.99690,0.00134,1.0838,0.43,-0.91,8.84,22779
2460844.997663,0.99705,0.00134,1.0842,0.10,0.38,10.17,18540
2460844.997818,0.99794,0.00134,1.0845,1.81,-0.61,10.41,17319
2460844.997975,0.99759,0.00135,1.0848,-0.64,0.64,11.24,18144
2460844.998139,0.99986,0.00135,1.0851,2.36,-0.53,10.10,20389
2460844.998296,0.99725,0.00135,1.0855,0.84,0.27,10.13,17928
2460844.998454,0.99871,0.00135,1.0858,-0.13,0.01,9.61,19514
2460844.998606,0.99931,0.00135,1.0861,0.02,0.48,8.91,21378
2460844.998760,1.00060,0.00135,1.0864,0.83,0.47,10.78,15676
2460844.998918,0.99729,0.00135,1.0868,1.85,-0.42,12.61,14395
2460844.999076,0.99768,0.00135,1.0871,2.41,-0.26,11.48,14248
2460844.999236,0.99869,0.00136,1.0874,-2.40,-0.06,10.56,17408
2460844.999386,0.99787,0.00136,1.0878,-1.72,-0.58,11.56,13123
2460844.999545,1.00083,0.00136,1.0881,-2.29,0.62,9.44,17700
2460844.999702,0.99929,0.00135,1.0884,-2.01,0.14,10.86,16121
2460844.999858,0.99929,0.00135,1.0888,-0.53,-0.06,11.63,14100
2460845.000008,1.00277,0.00136,1.0891,0.44,-0.42,10.99,14952
2460845.000165,0.99994,0.00136,1.0894,0.82,0.52,11.61,14401
2460845.000322,0.99775,0.00135,1.0898,-0.25,-0.70,11.18,16095
2460845.000481,0.99868,0.00136,1.0901,0.06,-0.13,12.09,13576
2460845.000637,0.99974,0.00136,1.0905,-0.22,-1.01,11.44,13742
2460845.000802,0.99772,0.00136,1.0908,-1.09,0.99,12.71,11905
2460845.000958,1.00141,0.00136,1.0912,-0.63,-0.09,11.02,15882
2460845.001109,1.00111,0.00137,1.0915,1.52,0.04,12.49,12186
2460845.001268,0.99916,0.00136,1.0918,0.78,0.76,12.16,13706
2460845.001425,1.00189,0.00136,1.0922,-1.40,1.29,10.32,15741
2460845.001582,0.99838,0.00136,1.0925,0.16,-0.55,10.58,16128
2460845.001737,0.99918,0.00136,1.0929,1.87,0.16,11.55,15132
2460845.001898,0.99851,0.00136,1.0932,3.08,0.14,12.05,14441
2460845.002055,1.00038,0.00136,1.0936,3.14,0.35,10.91,15310
2460845.002212,0.99890,0.00136,1.0939,-1.51,-0.50,10.06,17680
2460845.002369,0.99808,0.00136,1.0943,-3.63,1.26,11.55,16021
2460845.002519,0.99974,0.00136,1.0946,-3.61,0.35,10.69,16271
2460845.002678,1.00032,0.00136,1.0950,-0.92,0.48,13.12,12542
2460845.002837,1.00067,0.00137,1.0953,-0.35,-0.04,14.17,10521
2460845.002994,0.99908,0.00137,1.0957,-0.10,0.94,12.34,11999
2460845.003151,1.00025,0.00136,1.0960,0.27,-0.87,10.17,17959
2460845.003307,1.00133,0.00136,1.0964,-0.52,-0.76,9.88,16855
2460845.003462,1.00060,0.00136,1.0967,0.64,0.06,10.33,15607
2460845.003619,0.99866,0.00136,1.0971,0.17,-0.14,12.85,11844
2460845.003769,1.00164,0.00136,1.0974,0.09,-0.75,9.71,17164
2460845.003927,0.99868,0.00136,1.0978,0.53,1.10,9.82,17319
2460845.004091,1.00034,0.00136,1.0982,-0.43,0.63,10.02,16269
2460845.004243,1.00052,0.00136,1.0985,-0.70,-0.38,9.46,17744
2460845.004403,1.00161,0.00136,1.0989,0.44,0.31,10.17,15608
2460845.004561,1.00095,0.00137,1.0993,1.16,0.41,10.94,13855
2460845.004716,0.99937,0.00137,1.0996,3.00,-0.32,11.43,12551
2460845.004868,0.99789,0.00136,1.1000,2.06,1.11,10.73,13466
2460845.005028,1.00000,0.00136,1.1003,-0.83,0.14,9.35,16714
2460845.005210,1.00086,0.00136,1.1008,-3.65,0.68,9.04,17409
2460845.005367,0.99920,0.00136,1.1011,-4.67,0.51,10.37,15165
2460845.005526,1.00055,0.00136,1.1015,-3.38,-0.54,11.10,13604
2460845.005683,0.99925,0.00136,1.1019,-1.24,0.56,10.30,15811
2460845.005832,1.00030,0.00136,1.1022,-0.68,0.40,10.72,15878
2460845.005995,1.00125,0.00136,1.1026,1.10,-0.79,10.64,14906
2460845.006151,0.99944,0.00137,1.1030,1.32,-1.06,10.45,14789
2460845.006308,1.00059,0.00137,1.1033,1.02,-0.28,10.34,14840
2460845.006458,1.00025,0.00136,1.1037,-0.43,-0.46,10.73,13920
2460845.006614,0.99963,0.00136,1.1041,0.55,-0.66,10.52,16100
2460845.006776,1.00071,0.00136,1.1045,1.91,0.88,10.87,15129
2460845.006927,1.00162,0.00137,1.1048,1.67,-0.96,10.33,14247
2460845.007085,0.99836,0.00136,1.1052,-0.72,1.12,11.93,13581
2460845.007242,1.00017,0.00137,1.1056,-0.03,-1.15,10.21,15345
2460845.007398,0.99906,0.00137,1.1060,1.06,0.72,11.58,12504
2460845.007555,0.99877,0.00137,1.1064,2.49,-1.34,10.29,13463
2460845.007709,0.99903,0.00137,1.1067,0.31,-0.25,11.61,12680
2460845.007868,0.99881,0.00137,1.1071,-1.83,-0.40,10.93,14047
2460845.008026,1.00055,0.00137,1.1075,-4.13,1.17,10.55,14485
2460845.008177,0.99932,0.00138,1.1079,-1.61,0.76,12.77,11191
2460845.008337,0.99979,0.00137,1.1083,-0.74,0.57,10.92,13925
2460845.008496,0.99691,0.00137,1.1086,-0.95,-0.17,12.86,11418
2460845.008647,1.00028,0.00138,1.1090,0.78,0.57,12.64,11463
2460845.008803,1.00121,0.00138,1.1094,0.97,0.23,14.05,9998
2460845.008961,1.00025,0.00138,1.1098,2.33,0.12,13.36,9702
2460845.009113,1.00143,0.00138,1.1102,1.18,0.39,12.89,10279
2460845.009272,1.00017,0.00137,1.1106,0.22,0.29,10.13,14537
2460845.009429,1.00191,0.00139,1.1110,0.41,0.16,12.75,10554
2460845.009586,1.00002,0.00138,1.1114,1.90,0.06,13.77,9547
2460845.009743,0.99965,0.00138,1.1118,-0.38,-0.89,11.34,12324
2460845.009895,1.00253,0.00138,1.1121,-0.65,0.30,12.14,11098
2460845.010058,1.00100,0.00139,1.1125,0.24,0.49,14.41,10312
2460845.010209,1.00315,0.00139,1.1129,0.51,-0.52,14.06,9344
2460845.010369,1.00055,0.00138,1.1133,0.99,-0.73,12.34,12672
2460845.010533,1.00108,0.00138,1.1138,-0.10,0.27,11.78,11411
2460845.010696,0.99918,0.00138,1.1141,-0.04,-1.13,14.28,9692
2460845.010847,1.00213,0.00138,1.1146,-2.43,-0.90,11.13,13200
2460845.011007,1.00069,0.00138,1.1150,-1.26,0.78,12.33,12336
2460845.011158,1.00270,0.00138,1.1154,-1.24,-0.16,11.36,12309
2460845.011348,1.00372,0.00139,1.1158,-0.90,0.61,10.82,12638
2460845.011500,1.00120,0.00138,1.1162,-0.07,-1.12,10.86,14077
2460845.011658,0.99990,0.00138,1.1166,1.09,0.07,10.30,14113
2460845.011811,1.00206,0.00138,1.1170,1.59,-0.38,12.85,11538
2460845.011968,1.00055,0.00138,1.1174,-1.46,0.05,9.84,14926
2460845.012119,0.99846,0.00137,1.1178,0.90,0.11,10.24,14631
2460845.012280,0.99858,0.00137,1.1182,0.59,-0.33,10.57,15553
2460845.012437,1.00099,0.00140,1.1186,-0.03,0.61,13.35,9356
2460845.012594,1.00106,0.00139,1.1191,-1.28,1.42,13.13,10512
2460845.012750,1.00296,0.00139,1.1195,-1.01,-1.21,10.59,13087
2460845.012899,1.00026,0.00138,1.1199,0.19,-0.40,10.65,13907
2460845.013056,0.99904,0.00138,1.1203,4.77,1.00,12.23,12763
2460845.013209,1.00099,0.00138,1.1207,0.72,-1.11,9.47,15910
2460845.013366,1.00363,0.00139,1.1211,0.54,-0.71,12.01,11119
2460845.013522,1.00380,0.00139,1.1215,-0.66,-0.29,11.20,11998
2460845.013679,0.99803,0.00138,1.1220,-1.08,-0.62,13.85,9668
2460845.013836,1.00240,0.00139,1.1224,-0.81,1.10,12.28,11076
2460845.013993,0.99769,0.00138,1.1228,-3.56,0.09,10.15,14314
2460845.014151,1.00073,0.00138,1.1232,-0.87,-0.51,10.99,13513
2460845.014303,1.00506,0.00140,1.1236,0.47,-1.38,13.37,9772
2460845.014618,1.00296,0.00141,1.1245,-0.14,-1.45,14.22,8226
2460845.014775,0.99880,0.00139,1.1249,-0.80,0.46,12.97,11238
2460845.014927,1.00025,0.00139,1.1253,-0.89,-0.54,11.16,12485
2460845.015085,1.00176,0.00139,1.1257,0.85,-0.69,13.18,10943
2460845.015238,0.99869,0.00138,1.1262,-0.20,-0.80,11.18,13111
2460845.015394,1.00050,0.00139,1.1266,-1.88,-0.66,14.29,9978
2460845.015551,1.00199,0.00140,1.1270,-0.78,1.14,14.09,9480
2460845.015705,0.99984,0.00140,1.1274,0.57,-0.80,11.85,10525
2460845.015862,1.00242,0.00140,1.1279,2.33,-0.72,12.51,9912
2460845.016177,1.00513,0.00140,1.1287,1.82,1.60,11.35,10752
2460845.016333,1.00114,0.00140,1.1292,-2.41,-1.61,11.39,10848
2460845.016485,0.99941,0.00139,1.1296,-2.88,0.04,12.54,11190
2460845.016647,1.00115,0.00139,1.1300,-2.86,0.16,10.31,13045
2460845.016803,1.00255,0.00141,1.1305,-0.49,-0.53,12.56,10036
2460845.016970,0.99959,0.00139,1.1309,-1.76,0.12,10.54,13803
2460845.017126,1.00319,0.00139,1.1314,-0.38,-0.74,10.94,12855
2460845.017283,0.99990,0.00140,1.1318,0.39,-1.94,10.90,12840
2460845.017439,1.00166,0.00141,1.1322,1.90,1.01,14.17,8318
2460845.017756,1.00119,0.00141,1.1331,1.82,2.31,14.17,9324
2460845.017912,0.99739,0.00139,1.1336,-0.98,-1.11,11.36,12982
2460845.018063,0.99990,0.00139,1.1340,1.85,1.65,11.21,12685
2460845.018218,1.00144,0.00139,1.1345,-2.34,-2.38,10.44,13326
2460845.018379,1.00110,0.00139,1.1349,-0.45,1.42,10.41,14192
2460845.018536,1.00037,0.00140,1.1354,2.35,1.33,11.72,10513
2460845.018693,1.00162,0.00140,1.1358,1.22,-1.52,12.61,10309
2460845.018843,1.00241,0.00141,1.1363,-0.21,2.44,12.30,9936
2460845.019007,0.99891,0.00139,1.1367,0.68,-1.52,9.40,16381
2460845.019160,1.00219,0.00141,1.1372,0.21,-1.03,11.26,11526
2460845.019468,1.00321,0.00142,1.1381,-3.37,-1.79,12.04,9931
2460845.019624,1.00122,0.00142,1.1385,-1.57,-0.63,11.40,10429
2460845.019781,1.00316,0.00142,1.1390,0.34,0.30,13.04,9200
2460845.019938,1.00302,0.00143,1.1394,-0.89,-1.72,12.53,8844
2460845.020299,1.00198,0.00143,1.1405,1.04,0.44,13.07,7884
2460845.020491,1.00364,0.00143,1.1410,0.30,-0.92,12.96,8759
2460845.020648,1.00077,0.00142,1.1415,-1.71,-0.10,12.46,9436
2460845.020963,1.00454,0.00143,1.1424,-1.09,-0.68,13.51,8413
2460845.021133,1.00277,0.00144,1.1429,-2.32,-0.03,13.71,8055
2460845.021297,1.00265,0.00142,1.1435,0.56,-1.75,11.19,11316
2460845.021461,1.00317,0.00144,1.1439,2.06,0.97,14.55,7442
2460845.021648,1.00078,0.00143,1.1445,1.76,-0.54,13.87,8497
2460845.021805,1.00034,0.00141,1.1450,-2.38,0.50,12.32,10947
2460845.021991,1.00318,0.00144,1.1455,-4.27,0.36,13.82,7975
2460845.022149,1.00152,0.00142,1.1460,-1.61,-0.42,12.13,10387
2460845.022340,0.99865,0.00142,1.1466,-1.94,-1.31,13.27,9182
2460845.022496,1.00405,0.00145,1.1471,0.38,-0.39,14.40,7434
2460845.022653,1.00391,0.00143,1.1475,-0.88,0.53,13.20,8541
2460845.022810,1.00436,0.00143,1.1480,1.16,0.20,13.48,8407
2460845.022968,1.00554,0.00142,1.1485,2.48,-0.98,12.46,10126
2460845.023149,1.00023,0.00142,1.1490,1.02,-1.04,11.91,9958
2460845.023306,1.00439,0.00143,1.1495,-1.55,1.17,13.13,9312
2460845.023502,1.00496,0.00144,1.1501,0.89,0.43,14.86,7533
2460845.023808,1.00459,0.00144,1.1511,-1.77,0.67,13.68,8528
2460845.023968,1.00328,0.00143,1.1516,-1.01,0.85,13.66,8567
2460845.024124,1.00208,0.00143,1.1520,2.87,-0.06,13.65,8871
2460845.024594,1.00217,0.00144,1.1535,0.24,-2.95,13.57,8217
2460845.024746,1.00210,0.00143,1.1540,-1.64,0.47,13.35,8666
2460845.024906,1.00610,0.00144,1.1545,-4.02,0.34,13.04,8621
2460845.025214,1.00158,0.00143,1.1555,4.14,-1.90,12.91,9039
2460845.025371,1.00633,0.00143,1.1560,-1.91,0.24,11.99,10053
2460845.025528,1.00247,0.00144,1.1564,-0.79,2.00,14.16,7485
2460845.025684,1.00338,0.00143,1.1570,2.47,-0.84,12.93,9092
2460845.025840,1.00693,0.00144,1.1575,-0.02,-0.76,13.95,8265
2460845.026041,1.00206,0.00143,1.1581,-1.32,0.97,14.23,8207
2460845.026205,1.00051,0.00144,1.1586,1.14,-1.49,13.52,7910
2460845.026358,1.00331,0.00143,1.1591,-1.51,-1.38,12.61,9189
2460845.026521,1.00133,0.00143,1.1596,-3.27,1.21,12.36,9803
2460845.026678,1.00219,0.00143,1.1601,-2.19,1.25,13.88,8921
2460845.026836,1.00270,0.00143,1.1606,4.26,-1.04,12.04,10270
2460845.026993,1.00363,0.00143,1.1611,0.40,-1.17,12.67,9608
2460845.027156,1.00437,0.00144,1.1617,1.77,0.94,12.99,8938
2460845.027313,1.00245,0.00143,1.1622,-0.51,-0.16,11.92,10170
2460845.027466,1.00167,0.00143,1.1627,-1.11,-0.67,12.64,10102
2460845.027633,1.00405,0.00143,1.1632,-2.15,-0.52,12.19,10880
2460845.027783,1.00486,0.00145,1.1637,-1.44,-0.04,13.53,8248
2460845.027944,1.00172,0.00144,1.1643,-1.16,0.15,12.72,9872
2460845.028097,1.00214,0.00143,1.1647,-1.84,-0.17,11.32,11527
2460845.028253,1.00292,0.00144,1.1653,1.32,-2.25,11.70,10290
2460845.028410,1.00438,0.00143,1.1658,0.63,0.29,10.97,11726
2460845.028573,1.00281,0.00144,1.1663,0.45,-0.99,11.89,10473
2460845.028729,1.00320,0.00144,1.1668,-1.36,1.10,12.56,9931
2460845.028882,1.00305,0.00144,1.1673,0.47,-1.71,11.18,10891
2460845.029038,1.00134,0.00143,1.1679,0.48,-0.78,10.81,12034
2460845.029188,1.00315,0.00144,1.1684,-2.00,1.45,11.58,10477
2460845.029345,1.00546,0.00144,1.1689,-0.41,-1.59,11.62,11223
2460845.029505,1.00604,0.00145,1.1694,-0.22,0.13,11.73,9906
2460845.029663,1.00199,0.00144,1.1699,2.14,0.72,13.08,8984
2460845.029816,1.00782,0.00144,1.1705,1.57,-1.95,12.67,9813
2460845.029972,1.00328,0.00144,1.1710,-0.01,0.63,12.97,9622
2460845.030129,1.00290,0.00144,1.1715,0.47,-0.19,12.06,10167
2460845.030328,1.00166,0.00145,1.1722,-0.90,-0.65,12.05,9456
2460845.030488,1.00288,0.00144,1.1727,-2.45,-0.79,11.33,11198
2460845.030644,1.00434,0.00144,1.1733,-1.29,-0.62,11.81,10592
2460845.030796,1.00388,0.00144,1.1738,-0.38,-0.60,11.97,10122
2460845.030953,1.00398,0.00145,1.1743,-0.98,0.65,12.51,9314
2460845.031109,1.00470,0.00144,1.1749,0.38,-1.43,10.54,11932
2460845.031263,1.00946,0.00144,1.1754,-0.02,0.60,12.25,11473
2460845.031422,1.00293,0.00145,1.1759,-0.32,-2.37,11.19,11602
2460845.031571,1.00477,0.00145,1.1765,-1.03,0.52,11.17,10960
2460845.031728,1.00639,0.00144,1.1770,0.57,0.40,11.60,11248
2460845.031886,1.00702,0.00145,1.1775,-0.57,-0.50,10.75,11945
2460845.032038,1.00485,0.00144,1.1781,-2.10,0.27,11.73,10733
2460845.032196,1.00415,0.00144,1.1786,-0.31,-0.05,10.95,11800
2460845.032352,1.00625,0.00144,1.1792,-0.04,0.47,11.40,11298
2460845.032508,1.00270,0.00144,1.1797,1.15,-0.89,10.36,12020
2460845.032665,1.00285,0.00145,1.1803,-0.07,0.20,12.77,9699
2460845.032822,1.00429,0.00145,1.1808,0.47,0.57,11.25,11313
2460845.032982,1.00344,0.00144,1.1814,-2.26,-1.48,11.16,11695
2460845.033138,1.00341,0.00144,1.1819,-1.70,-0.22,12.33,10163
2460845.033335,1.00321,0.00144,1.1826,-3.12,-0.11,10.94,13007
2460845.033492,1.00492,0.00145,1.1832,-0.24,-0.58,11.80,10812
2460845.033649,1.00629,0.00144,1.1837,-1.46,0.07,11.85,11983
2460845.033812,1.00483,0.00144,1.1843,1.24,-0.57,10.37,14208
2460845.033963,1.00436,0.00146,1.1848,0.55,1.36,11.95,10075
2460845.034120,1.00261,0.00145,1.1854,-0.81,-1.61,11.79,11009
2460845.034277,1.00648,0.00145,1.1860,-0.97,-0.01,10.27,14041
2460845.034434,1.00260,0.00144,1.1865,1.22,-0.08,10.19,14500
2460845.034583,1.00548,0.00145,1.1871,-0.05,-0.22,10.62,13628
2460845.034739,1.00497,0.00144,1.1876,-1.64,-1.08,11.41,12951
2460845.034899,1.00608,0.00145,1.1882,0.13,0.19,9.91,13608
2460845.035069,1.00230,0.00145,1.1888,-0.64,-0.72,11.97,11235
2460845.035233,1.00226,0.00144,1.1894,-0.06,0.52,9.03,15873
2460845.035387,1.00449,0.00145,1.1900,3.35,-0.31,10.61,13498
2460845.035545,1.00310,0.00145,1.1906,1.22,0.52,10.42,13787
2460845.035703,1.00362,0.00145,1.1911,-1.98,-0.05,10.42,13235
2460845.035853,1.00443,0.00145,1.1917,-1.66,-0.12,10.78,13030
2460845.036007,1.00927,0.00146,1.1923,-1.79,-0.02,11.03,11535
2460845.036169,1.00513,0.00146,1.1928,-1.44,-1.24,11.91,10898
2460845.036320,1.00486,0.00145,1.1934,-0.17,0.27,11.61,11893
2460845.036480,1.00481,0.00145,1.1940,-1.16,-0.65,9.49,15429
2460845.036635,1.00655,0.00145,1.1946,-0.19,-1.00,9.95,14455
2460845.036787,1.00654,0.00146,1.1951,0.85,0.20,11.63,11086
2460845.036946,1.00512,0.00145,1.1957,0.52,-1.05,11.13,11970
2460845.037102,1.00414,0.00145,1.1963,-0.79,0.33,10.94,11645
2460845.037260,1.00220,0.00146,1.1969,-0.85,-1.24,12.18,9965
2460845.037415,1.00541,0.00147,1.1975,0.52,0.40,11.63,10401
2460845.037572,1.00487,0.00145,1.1981,-0.30,-0.50,10.89,12905
2460845.037736,1.00451,0.00145,1.1987,-1.58,-0.46,9.62,15305
2460845.037892,1.00312,0.00145,1.1993,-1.03,0.31,11.22,12207
2460845.038042,1.00399,0.00146,1.1998,2.45,1.22,11.64,11061
2460845.038198,1.00223,0.00145,1.2004,2.86,-0.16,11.19,13249
2460845.038357,1.00750,0.00148,1.2010,1.99,0.38,12.99,9396
2460845.038508,1.00490,0.00145,1.2016,-1.56,-0.33,11.71,12816
2460845.038672,1.00591,0.00147,1.2022,-3.25,0.24,11.47,10902
2460845.038822,1.00410,0.00146,1.2028,-3.12,-0.57,12.03,11061
2460845.039008,1.00720,0.00148,1.2035,-1.65,0.60,12.70,8803
2460845.039159,1.00376,0.00146,1.2041,-0.84,-1.35,11.64,10980
2460845.039315,1.00457,0.00147,1.2047,0.48,0.54,10.60,11923
2460845.039468,1.00449,0.00147,1.2053,-0.18,-1.28,13.34,9019
2460845.039634,1.00408,0.00146,1.2059,-0.36,-0.35,10.74,12261
2460845.039786,1.00504,0.00146,1.2065,0.18,0.28,9.61,15158
2460845.039942,1.00318,0.00146,1.2071,0.71,-0.12,10.95,12089
2460845.040099,1.00598,0.00147,1.2077,-1.14,-0.55,10.80,12263
2460845.040255,1.00692,0.00147,1.2083,-1.53,-0.30,12.33,10442
2460845.040411,1.00566,0.00147,1.2089,-2.10,-0.52,10.97,11999
2460845.040567,1.00290,0.00145,1.2095,1.52,-0.94,9.11,17934
2460845.040716,1.00446,0.00146,1.2101,0.35,0.56,9.14,15679
2460845.040872,1.00289,0.00146,1.2107,1.45,0.26,10.10,13605
2460845.041028,1.00509,0.00147,1.2113,1.29,0.36,11.46,11813
2460845.041182,1.00689,0.00147,1.2120,-0.87,-1.03,10.24,12550
2460845.041341,1.00448,0.00147,1.2126,-1.42,-0.96,11.07,13212
2460845.041493,1.00503,0.00148,1.2132,-2.15,0.32,11.81,10129
2460845.041649,1.00500,0.00147,1.2138,-3.39,-1.09,11.15,11774
2460845.041806,1.00549,0.00147,1.2144,-3.85,-0.77,9.79,14541
2460845.041962,1.00508,0.00147,1.2150,-1.19,-0.53,11.17,12180
2460845.042133,1.00633,0.00147,1.2157,1.10,-1.24,9.55,14292
2460845.042292,1.01022,0.00149,1.2163,0.57,0.59,12.38,10224
2460845.042448,1.00497,0.00148,1.2170,2.09,-0.61,10.60,12662
2460845.042605,1.00812,0.00148,1.2176,-2.09,-0.51,12.07,11690
2460845.042765,1.00851,0.00149,1.2182,0.74,-0.07,11.83,11451
2460845.042917,1.00636,0.00148,1.2188,0.31,0.36,10.17,13506
2460845.043073,1.00783,0.00148,1.2195,-0.34,-0.09,10.91,11734
2460845.043230,1.00654,0.00147,1.2201,-1.37,-0.72,10.13,13960
2460845.043391,1.00612,0.00148,1.2208,-0.21,-0.46,10.73,13142
2460845.043544,1.00465,0.00148,1.2214,3.25,0.09,10.43,13006
2460845.043708,1.00618,0.00148,1.2221,1.37,-0.36,9.84,14061
2460845.043865,1.00908,0.00148,1.2227,0.52,0.36,9.99,14096
2460845.044021,1.00607,0.00148,1.2233,-0.34,-1.49,10.23,13341
2460845.044177,1.00808,0.00148,1.2240,-3.45,-0.05,10.36,13573
2460845.044352,1.00924,0.00149,1.2247,-3.32,-0.72,10.85,12662
2460845.044510,1.00769,0.00149,1.2254,-0.09,0.47,11.39,10688
2460845.044667,1.00661,0.00149,1.2260,-0.79,-1.40,12.05,11193
2460845.044818,1.00531,0.00148,1.2266,-0.91,-0.95,11.25,12050
2460845.044976,1.00487,0.00149,1.2273,-0.63,-0.59,12.03,11289
2460845.045134,1.00467,0.00149,1.2279,1.74,-0.86,11.06,11754
2460845.045290,1.00703,0.00148,1.2286,-0.11,0.67,10.51,13297
2460845.045447,1.00345,0.00148,1.2292,0.04,-1.16,10.95,12770
2460845.045615,1.00574,0.00150,1.2299,-0.00,0.12,11.48,10996
2460845.045768,1.00362,0.00149,1.2306,-3.11,-0.56,10.52,12433
2460845.045928,1.00614,0.00149,1.2313,-0.59,-0.24,11.12,11729
2460845.046092,1.00617,0.00149,1.2319,1.30,-0.55,11.83,10994
2460845.046248,1.00749,0.00149,1.2326,0.83,0.53,9.69,14654
2460845.046404,1.00478,0.00149,1.2333,0.14,-0.85,11.37,11830
2460845.046557,1.00659,0.00148,1.2339,0.64,0.03,9.56,16277
2460845.046717,1.00784,0.00149,1.2346,-1.15,-1.98,9.74,14197
2460845.046867,1.00829,0.00149,1.2352,-3.75,0.36,10.31,13369
2460845.047030,1.00882,0.00150,1.2359,-2.54,-1.39,10.51,13211
2460845.047179,1.00900,0.00149,1.2366,-3.28,-2.10,9.82,14625
2460845.047343,1.00611,0.00149,1.2372,-1.45,1.50,10.60,12916
2460845.047497,1.00659,0.00149,1.2379,0.19,0.80,10.72,12323
2460845.047655,1.00920,0.00149,1.2386,1.02,-0.47,10.21,14115
2460845.047813,1.00910,0.00149,1.2393,-0.25,-0.45,9.89,15103
2460845.047969,1.00774,0.00149,1.2400,1.14,0.35,10.56,13606
2460845.048127,1.01037,0.00150,1.2406,0.96,0.06,10.71,12455
2460845.048283,1.00561,0.00149,1.2413,0.34,-0.62,10.48,14320
2460845.048437,1.00921,0.00149,1.2420,2.08,-0.10,9.88,15650
2460845.048593,1.00302,0.00148,1.2427,-3.79,0.23,9.46,15710
2460845.048753,1.00970,0.00150,1.2433,-3.05,-1.69,8.77,17202
2460845.048909,1.00528,0.00149,1.2440,1.48,0.90,9.54,16196
2460845.049067,1.00770,0.00149,1.2447,0.68,-0.29,10.18,14459
2460845.049223,1.00748,0.00150,1.2454,0.84,1.25,10.92,13423
2460845.049380,1.00609,0.00150,1.2461,0.78,-2.22,10.67,13200
2460845.049536,1.00770,0.00150,1.2468,-4.36,-0.90,10.72,12576
2460845.049698,1.00877,0.00150,1.2475,-3.26,0.17,10.72,12163
2460845.049854,1.00895,0.00150,1.2482,-3.29,-1.05,9.70,14758
2460845.050011,1.00717,0.00149,1.2489,-0.56,-0.39,8.63,17663
2460845.050167,1.00764,0.00150,1.2496,1.01,-0.38,11.15,12102
2460845.050317,1.00788,0.00151,1.2503,-0.46,0.34,11.04,12264
2460845.050479,1.00503,0.00151,1.2510,0.86,0.09,11.89,12292
2460845.050636,1.00687,0.00150,1.2517,1.97,-1.38,10.90,13744
2460845.050793,1.00822,0.00150,1.2524,1.34,-0.02,10.20,14694
2460845.050951,1.00614,0.00150,1.2531,-0.68,-0.96,9.64,15586
2460845.051107,1.00657,0.00150,1.2538,0.26,1.24,9.81,14561
2460845.051264,1.00757,0.00150,1.2545,3.17,0.04,9.66,15667
2460845.051414,1.01067,0.00152,1.2552,1.52,0.10,11.20,12090
2460845.051576,1.00609,0.00150,1.2559,-0.39,0.08,9.99,14083
2460845.051734,1.00818,0.00152,1.2566,-0.59,-0.42,10.60,12323
2460845.051885,1.00563,0.00151,1.2573,-0.69,-0.72,10.41,13213
2460845.052039,1.00796,0.00151,1.2580,0.84,-0.06,10.37,13489
2460845.052200,1.00686,0.00151,1.2588,-0.83,-0.80,12.01,11798
2460845.052356,1.01014,0.00152,1.2595,-3.64,0.68,9.86,14202
2460845.052512,1.00495,0.00152,1.2602,-3.50,-1.65,11.59,11057
2460845.052671,1.00620,0.00151,1.2609,-2.86,-0.67,9.70,15170
2460845.052834,1.00550,0.00151,1.2617,-1.19,-0.13,11.19,12394
2460845.052990,1.01202,0.00152,1.2624,0.63,-0.36,10.45,14007
2460845.053147,1.01002,0.00152,1.2631,1.86,-1.39,10.91,12989
2460845.053317,1.00808,0.00151,1.2639,-0.87,0.62,10.51,14190
2460845.053481,1.00804,0.00151,1.2647,0.74,-1.00,10.31,13787
2460845.053641,1.01221,0.00153,1.2654,-0.47,-1.05,10.99,11901
2460845.053791,1.00756,0.00151,1.2662,1.07,-0.63,9.07,16237
2460845.053963,1.00949,0.00152,1.2669,0.20,0.09,10.52,13403
2460845.054119,1.00645,0.00152,1.2676,-0.68,0.09,11.31,11719
2460845.054275,1.00993,0.00152,1.2684,-1.75,-0.84,10.12,13668
2460845.054433,1.00766,0.00152,1.2691,-0.14,-0.79,10.51,13468
2460845.054587,1.01148,0.00153,1.2699,1.80,-0.69,11.17,12721
2460845.054739,1.00683,0.00152,1.2706,-0.04,-0.02,11.10,12982
2460845.054900,1.00883,0.00152,1.2714,-3.15,-0.91,9.35,16285
2460845.055062,1.00795,0.00151,1.2721,-2.23,-0.52,9.58,16363
2460845.055219,1.00967,0.00152,1.2729,-3.53,-1.16,9.82,14482
2460845.055376,1.00822,0.00152,1.2736,-2.99,0.17,9.92,13923
2460845.055526,1.01316,0.00154,1.2744,-4.19,-0.37,11.49,12140
2460845.055690,1.00509,0.00153,1.2751,0.72,-0.66,11.82,11225
2460845.055844,1.01051,0.00153,1.2758,-0.19,-1.06,9.77,14591
2460845.055994,1.00907,0.00153,1.2766,2.33,-0.26,10.73,13908
2460845.056150,1.01297,0.00152,1.2773,1.70,-1.12,8.90,17561
2460845.056306,1.01280,0.00153,1.2781,-1.22,0.92,10.00,15297
2460845.056462,1.01257,0.00154,1.2789,1.01,-0.04,10.55,12898
2460845.056623,1.01408,0.00154,1.2796,2.09,-0.67,9.97,14672
2460845.056772,1.00997,0.00153,1.2804,1.70,0.12,10.79,12509
2460845.056935,1.00744,0.00153,1.2811,-1.83,-0.49,11.82,10637
2460845.057092,1.00956,0.00154,1.2819,-0.90,-0.12,11.32,11267
2460845.057250,1.00750,0.00153,1.2827,1.93,-0.17,11.56,12686
2460845.057434,1.01150,0.00154,1.2836,-1.35,-0.89,11.80,11310
2460845.057583,1.01057,0.00154,1.2844,1.89,0.21,11.13,11885
2460845.057748,1.00942,0.00154,1.2851,-1.37,-1.50,11.79,10186
2460845.057904,1.00924,0.00154,1.2859,-1.65,-1.16,9.85,13935
2460845.058061,1.01206,0.00156,1.2867,-0.60,0.97,12.91,9473
2460845.058217,1.00562,0.00154,1.2874,-2.69,-0.84,10.49,12885
2460845.058374,1.00979,0.00155,1.2882,0.76,0.57,11.16,11324
2460845.058526,1.01039,0.00154,1.2890,-0.81,0.38,10.62,13530
2460845.058684,1.01294,0.00154,1.2898,0.37,-1.23,10.21,15127
2460845.058842,1.01155,0.00154,1.2906,0.76,0.42,11.78,12016
2460845.058998,1.00785,0.00154,1.2913,-0.43,-1.45,10.88,12465
2460845.059155,1.01133,0.00155,1.2921,1.57,-0.94,11.26,12231
2460845.059307,1.00661,0.00154,1.2929,-0.74,0.20,10.12,14304
2460845.059468,1.01033,0.00155,1.2937,-0.69,0.44,11.66,10699
2460845.059627,1.01100,0.00155,1.2945,-0.99,-1.03,10.70,11531
2460845.059783,1.01397,0.00155,1.2953,-1.49,-0.27,10.11,13903
2460845.059935,1.01664,0.00156,1.2961,-1.37,-0.56,10.68,12808
2460845.060091,1.01486,0.00157,1.2969,-0.84,0.54,11.96,10306
2460845.060247,1.00759,0.00155,1.2977,0.64,0.10,11.70,10609
2460845.060400,1.01103,0.00157,1.2985,0.29,-0.35,12.83,8880
2460845.060556,1.00918,0.00156,1.2993,-1.02,-1.32,12.51,10020
2460845.060713,1.01120,0.00156,1.3001,-1.95,0.62,12.10,9850
2460845.060871,1.01691,0.00157,1.3008,-0.76,-0.50,11.31,11109
2460845.061028,1.01005,0.00156,1.3017,-1.04,-0.29,11.00,11715
2460845.061184,1.00948,0.00156,1.3025,-0.62,-0.19,10.58,12511
2460845.061343,1.01226,0.00156,1.3033,1.54,-0.85,11.20,12079
2460845.061499,1.01130,0.00158,1.3041,2.04,-0.03,12.52,9190
2460845.061650,1.00973,0.00156,1.3049,-1.49,-0.81,11.53,11203
2460845.061809,1.01187,0.00157,1.3057,-0.30,0.61,12.28,9833
2460845.061966,1.01476,0.00157,1.3065,0.33,-0.27,11.30,11448
2460845.062116,1.01019,0.00156,1.3073,1.42,-1.07,10.42,13388
2460845.062294,1.00957,0.00156,1.3082,-2.57,0.49,10.80,12174
2460845.062454,1.01267,0.00156,1.3091,-2.02,-1.58,9.49,16450
2460845.062611,1.01444,0.00157,1.3099,-0.57,-0.14,10.58,12629
2460845.062764,1.01079,0.00156,1.3107,2.13,1.08,10.19,14153
2460845.062921,1.01174,0.00156,1.3115,1.37,-1.01,9.52,14246
2460845.063077,1.00882,0.00157,1.3124,-0.98,0.15,10.76,11207
2460845.063229,1.01199,0.00156,1.3132,-1.43,0.69,9.78,14889
2460845.063385,1.01166,0.00157,1.3140,-0.69,-1.44,11.00,12693
2460845.063543,1.01347,0.00157,1.3149,-1.09,-0.20,10.51,13854
2460845.063698,1.01719,0.00158,1.3157,0.95,-1.63,9.60,14607
2460845.063860,1.01134,0.00157,1.3165,-1.81,0.69,9.76,14583
2460845.064017,1.01035,0.00158,1.3174,0.55,0.21,11.95,12072
2460845.064173,1.01374,0.00158,1.3182,-1.41,0.13,9.96,13880
2460845.064330,1.01266,0.00157,1.3191,0.76,-1.18,10.91,13183
2460845.064489,1.01213,0.00157,1.3199,1.00,-0.40,9.14,15653
2460845.064644,1.00924,0.00157,1.3207,-1.17,1.00,9.82,14741
2460845.064800,1.01592,0.00158,1.3216,-1.02,-2.65,9.38,15925
2460845.064952,1.01623,0.00158,1.3224,-0.74,-0.03,8.59,19721
2460845.065109,1.01301,0.00157,1.3233,-2.00,-0.38,10.02,15093
2460845.065265,1.00945,0.00157,1.3241,-0.94,-0.70,9.79,15128
2460845.065424,1.01855,0.00159,1.3250,1.12,-0.62,10.26,15254
2460845.065577,1.01601,0.00158,1.3258,0.66,0.28,9.64,15375
2460845.065738,1.01356,0.00160,1.3267,1.45,0.72,11.97,10817
2460845.065916,1.01596,0.00159,1.3277,-0.14,-2.15,9.33,16111
2460845.066073,1.01734,0.00159,1.3286,-2.39,-1.28,9.79,15197
2460845.066229,1.01850,0.00160,1.3294,-2.38,-0.61,10.95,12035
2460845.066385,1.01632,0.00160,1.3303,-2.20,0.28,11.56,11393
2460845.066536,1.01389,0.00160,1.3311,0.40,-0.43,10.44,12314
2460845.066693,1.01369,0.00160,1.3320,1.15,-0.83,11.40,10628
2460845.066849,1.01611,0.00161,1.3329,1.77,0.46,12.40,9289
2460845.067009,1.01218,0.00160,1.3338,-0.91,-1.61,12.48,10429
2460845.067163,1.01727,0.00160,1.3346,-1.01,-0.54,10.50,13492
2460845.067315,1.01653,0.00160,1.3355,0.98,-1.62,10.30,13922
2460845.067471,1.01601,0.00160,1.3364,-0.52,-0.54,10.23,13771
2460845.067628,1.01904,0.00160,1.3373,-1.28,-0.58,9.59,13970
2460845.067784,1.01831,0.00161,1.3381,-2.30,-1.27,11.47,11193
2460845.067936,1.01889,0.00160,1.3390,-1.00,-1.06,9.80,14725
2460845.068094,1.00915,0.00160,1.3399,-1.29,1.94,10.85,11405
2460845.068252,1.00416,0.00160,1.3408,1.85,1.20,14.80,7170
2460845.068409,1.01693,0.00161,1.3417,1.34,-0.78,11.50,11847
2460845.068558,1.01552,0.00163,1.3425,0.34,-0.96,14.02,8197
2460845.068723,1.01720,0.00161,1.3434,-1.05,-0.41,10.60,11846
2460845.068876,1.01544,0.00161,1.3443,-4.90,-1.34,10.35,12721
2460845.069033,1.01612,0.00161,1.3452,-2.48,-2.01,10.37,12746
2460845.069192,1.01539,0.00161,1.3461,-3.95,0.37,11.82,11610
2460845.069343,1.01268,0.00160,1.3471,-3.07,-0.78,10.21,13896
2460845.069502,1.01750,0.00161,1.3479,0.37,-1.17,11.30,11558
2460845.069659,1.01606,0.00161,1.3488,-0.42,1.12,9.49,14645
2460845.069819,1.01348,0.00161,1.3498,1.59,-2.73,11.42,12205
2460845.069971,1.01111,0.00161,1.3506,0.17,0.74,10.38,13717
2460845.070130,1.02211,0.00162,1.3516,-0.89,-0.71,10.08,14509
2460845.070280,1.01714,0.00162,1.3525,0.03,0.16,11.44,11376
2460845.070438,1.01870,0.00163,1.3534,1.22,-1.45,11.22,10964
2460845.070588,1.02093,0.00163,1.3543,3.95,-0.49,10.66,13006
2460845.070746,1.01610,0.00162,1.3552,-2.05,0.91,9.88,13985
2460845.070903,1.01707,0.00162,1.3561,-2.91,-2.52,9.96,13322
2460845.071053,1.01787,0.00163,1.3570,2.42,0.76,10.38,12227
2460845.071212,1.01599,0.00163,1.3579,1.32,-0.46,11.57,11071
2460845.071365,1.01646,0.00162,1.3588,0.20,-0.00,10.12,13559
2460845.071521,1.01811,0.00163,1.3598,-0.49,-0.65,10.39,12653
2460845.071678,1.01642,0.00163,1.3607,-5.85,-1.25,11.49,12244
2460845.071827,1.01696,0.00163,1.3616,-4.21,-1.44,10.88,12358
2460845.071985,1.01554,0.00163,1.3625,-3.54,-0.08,10.09,13057
2460845.072142,1.01289,0.00162,1.3635,0.18,-2.07,10.00,13579
2460845.072299,1.01526,0.00162,1.3644,0.54,-0.11,9.21,16055
2460845.072448,1.01589,0.00163,1.3653,0.82,-0.96,10.70,12498
2460845.072604,1.01976,0.00164,1.3663,0.92,-0.54,10.48,12542
2460845.072761,1.01590,0.00163,1.3672,1.11,-0.75,9.65,14284
2460845.072918,1.01720,0.00165,1.3681,1.10,0.07,12.73,8980
2460845.073075,1.01755,0.00164,1.3691,-0.23,-2.42,11.19,12348
2460845.073227,1.01956,0.00164,1.3700,0.67,1.32,11.48,11718
2460845.073384,1.01678,0.00164,1.3710,1.22,-1.40,10.05,13146
2460845.073541,1.01616,0.00164,1.3719,-0.55,-0.98,11.39,11246
2460845.073692,1.01695,0.00164,1.3729,0.41,2.04,10.06,13374
2460845.073849,1.01567,0.00164,1.3738,1.69,-2.28,11.68,11877
2460845.074006,1.01680,0.00164,1.3748,0.36,1.77,8.83,16292
2460845.074155,1.01986,0.00164,1.3757,0.28,-0.70,9.56,16063
2460845.074315,1.01967,0.00164,1.3767,-3.47,-1.46,9.35,16200
2460845.074465,1.01767,0.00165,1.3776,-4.75,-0.44,11.17,11713
2460845.074621,1.01612,0.00165,1.3786,-4.82,-3.55,10.49,12068
2460845.074933,1.02094,0.00165,1.3805,-0.21,-0.16,10.05,14393
2460845.075093,1.01883,0.00167,1.3815,0.50,-0.86,12.02,10423
2460845.075244,1.01549,0.00165,1.3825,0.97,0.39,9.13,15322
2460845.075402,1.01722,0.00165,1.3834,0.64,-0.79,10.05,14076
2460845.075552,1.01749,0.00165,1.3844,-0.43,0.25,10.29,13432
2460845.075708,1.01909,0.00166,1.3854,1.13,-0.57,10.81,12316
2460845.075863,1.01391,0.00165,1.3864,1.44,-0.95,10.35,12866
2460845.076019,1.01456,0.00166,1.3873,1.89,0.69,10.55,11908
2460845.076186,1.02235,0.00167,1.3884,2.47,-2.50,11.16,11870
2460845.076337,1.02092,0.00166,1.3893,-2.48,-1.50,10.49,12257
2460845.076495,1.01856,0.00166,1.3903,-1.15,-0.37,11.95,11562
2460845.076654,1.01934,0.00166,1.3913,0.32,-0.96,9.03,16897
2460845.076803,1.01730,0.00167,1.3923,1.17,0.32,12.58,9623
2460845.076962,1.01679,0.00166,1.3933,-1.17,-0.42,11.04,12114
2460845.077118,1.02052,0.00167,1.3943,-4.72,-1.03,10.68,12801
2460845.077274,1.01831,0.00167,1.3953,-6.66,-2.86,11.06,12337
2460845.077431,1.01578,0.00166,1.3963,-3.36,-0.75,9.50,14753
2460845.077580,1.02834,0.00169,1.3973,-1.29,-0.71,12.14,9944
2460845.077735,1.02193,0.00168,1.3983,-0.37,-0.84,10.59,12635
2460845.077891,1.02053,0.00167,1.3993,0.22,-0.75,10.23,13770
2460845.078047,1.01829,0.00167,1.4003,0.55,0.96,10.62,13116
2460845.078202,1.01891,0.00169,1.4013,1.56,0.17,12.43,10555
2460845.078359,1.01452,0.00167,1.4023,-1.11,-2.15,10.16,14309
2460845.078511,1.02107,0.00168,1.4033,-0.82,-2.00,11.35,11203
2460845.078671,1.01805,0.00169,1.4043,2.68,-0.01,11.40,10883
2460845.078828,1.01922,0.00169,1.4054,1.24,-1.47,11.61,10164
2460845.078978,1.02074,0.00168,1.4064,-0.88,-0.08,10.18,13644
2460845.079134,1.01696,0.00168,1.4074,-0.62,0.85,11.28,11670
2460845.079289,1.01769,0.00168,1.4084,1.06,-1.77,9.40,15966
2460845.079447,1.01388,0.00168,1.4094,-1.28,-1.03,11.97,9878
2460845.079596,1.01908,0.00169,1.4105,1.95,0.83,12.84,10009
2460845.079753,1.02147,0.00169,1.4115,-0.42,-2.84,11.81,11510
2460845.079910,1.01890,0.00170,1.4125,-1.43,1.78,11.76,10104
2460845.080061,1.02599,0.00170,1.4136,-5.32,-3.28,10.75,13248
2460845.080217,1.01602,0.00169,1.4146,-3.19,-0.63,9.92,14987
2460845.080374,1.01947,0.00169,1.4157,-0.88,0.46,9.60,14635
2460845.080530,1.01925,0.00169,1.4167,0.38,-1.14,9.20,16449
2460845.080694,1.02031,0.00170,1.4178,1.00,1.01,9.89,14043
2460845.080858,1.02160,0.00170,1.4189,-1.43,-0.69,11.29,12353
2460845.081014,1.01499,0.00170,1.4200,-0.40,-0.64,10.99,10628
2460845.081170,1.01297,0.00169,1.4210,1.69,0.75,9.98,13075
2460845.081326,1.01951,0.00170,1.4221,-0.06,-0.64,11.64,10520
2460845.081481,1.01829,0.00170,1.4231,1.31,-2.52,11.65,11059
2460845.081635,1.01753,0.00171,1.4242,0.52,0.93,12.88,9488
2460845.081792,1.02194,0.00171,1.4252,-1.10,-2.51,11.11,11755
2460845.081941,1.01887,0.00170,1.4263,1.28,-0.39,9.17,16515
2460845.082097,1.01797,0.00170,1.4273,1.07,0.00,9.76,15233
2460845.082253,1.01789,0.00171,1.4284,0.09,0.18,10.44,12594
2460845.082409,1.01409,0.00170,1.4295,-0.88,-1.55,11.04,11720
2460845.082560,1.01663,0.00171,1.4305,-1.28,-1.34,10.50,11868
2460845.082714,1.01774,0.00171,1.4316,-0.43,-0.23,10.72,12462
2460845.082872,1.02029,0.00171,1.4327,-1.44,-1.09,9.86,13550
2460845.083028,1.01720,0.00172,1.4338,-1.46,-0.04,10.31,11838
2460845.083181,1.01358,0.00170,1.4348,-1.87,-1.18,9.06,16152
2460845.083331,1.01749,0.00171,1.4359,-0.79,0.02,9.74,16233
2460845.083490,1.02256,0.00172,1.4370,-1.51,-0.05,10.56,12130
2460845.083646,1.01667,0.00172,1.4381,1.70,-1.77,11.17,12072
2460845.083803,1.01764,0.00172,1.4391,-1.04,-0.45,9.19,14990
2460845.083959,1.02079,0.00172,1.4403,-0.61,-0.45,10.13,13643
2460845.084111,1.02091,0.00172,1.4414,-0.48,-1.67,10.46,14465
2460845.084262,1.01944,0.00173,1.4425,1.61,-0.93,10.34,13345
2460845.084418,1.02351,0.00174,1.4436,0.13,-0.72,10.95,12002
2460845.084574,1.02033,0.00172,1.4446,-1.67,-1.89,10.19,14483
2460845.084745,1.01852,0.00173,1.4458,-1.22,0.04,11.10,10714
2460845.084898,1.02013,0.00174,1.4469,2.85,1.48,10.09,13356
2460845.085052,1.02038,0.00173,1.4480,1.56,-1.94,10.78,12198
2460845.085211,1.01967,0.00173,1.4492,-0.35,1.41,8.67,16074
2460845.085368,1.01863,0.00173,1.4503,-2.27,-0.53,9.96,13366
2460845.085516,1.02296,0.00175,1.4514,-3.20,-2.42,10.10,12597
2460845.085672,1.02004,0.00174,1.4525,-1.67,-1.91,11.41,11358
2460845.085831,1.01929,0.00175,1.4536,-1.89,2.27,10.92,11025
2460845.085987,1.01966,0.00174,1.4548,0.25,-1.34,10.35,12400
2460845.086143,1.01884,0.00174,1.4559,0.24,-1.11,10.44,12856
2460845.086295,1.02092,0.00175,1.4570,-1.06,-1.61,10.04,13641
2460845.086453,1.01773,0.00174,1.4582,0.34,1.88,10.27,12829
2460845.086609,1.02147,0.00176,1.4593,-0.14,-1.54,10.47,12846
2460845.086768,1.01991,0.00174,1.4605,-1.35,-1.21,9.61,14848
2460845.086927,1.01699,0.00174,1.4616,1.19,-1.45,9.28,15308
2460845.087082,1.01806,0.00175,1.4628,0.56,1.35,10.53,12485
2460845.087238,1.01896,0.00175,1.4639,0.18,-0.08,11.59,11010
2460845.087387,1.01795,0.00176,1.4650,-1.77,-0.70,12.00,9748
2460845.087544,1.01622,0.00175,1.4662,0.97,-0.06,10.08,13477
2460845.087700,1.01787,0.00175,1.4673,0.61,-0.31,12.31,11010
2460845.087856,1.01734,0.00175,1.4685,1.83,1.45,10.15,13316
2460845.088011,1.02151,0.00177,1.4697,-0.21,0.15,11.21,10634
2460845.088167,1.01451,0.00175,1.4708,-2.47,-2.42,10.72,12593
2460845.088323,1.02420,0.00178,1.4720,-5.18,-1.90,12.69,9138
2460845.088478,1.02094,0.00177,1.4732,-3.36,-0.64,10.96,11189
2460845.088634,1.02211,0.00178,1.4743,-1.03,-2.13,11.58,10044
2460845.088791,1.01683,0.00177,1.4755,-1.37,2.02,12.45,9144
2460845.088949,1.01823,0.00176,1.4767,1.44,-2.45,9.97,15345
2460845.089141,1.02310,0.00178,1.4782,-0.41,0.43,11.35,11089
2460845.089297,1.01894,0.00177,1.4793,-1.05,-0.55,11.52,11119
2460845.089453,1.01645,0.00176,1.4805,0.70,-1.64,10.18,14213
2460845.089611,1.01961,0.00177,1.4817,-0.88,0.65,10.63,12811
2460845.089764,1.01663,0.00178,1.4829,2.11,0.29,12.87,9563
2460845.089921,1.02109,0.00177,1.4841,1.47,-1.78,10.18,14427
2460845.090077,1.01800,0.00177,1.4853,0.98,-0.58,10.54,12931
2460845.090234,1.02203,0.00178,1.4865,-1.36,0.48,10.35,12903
2460845.090385,1.01978,0.00178,1.4877,-0.29,0.14,11.46,11140
2460845.090543,1.01625,0.00178,1.4889,2.50,-0.59,11.31,11282
2460845.090698,1.01987,0.00178,1.4901,1.19,0.13,11.78,11718
2460845.090854,1.02155,0.00179,1.4913,-3.33,-1.72,11.75,11297
2460845.091009,1.02167,0.00179,1.4925,-4.32,-1.18,10.21,13687
2460845.091165,1.02136,0.00179,1.4937,-1.44,0.27,11.60,12747
2460845.091331,1.01961,0.00179,1.4950,-3.72,-1.01,9.87,13791
2460845.091483,1.02086,0.00179,1.4962,0.14,-1.69,10.63,12197
2460845.091639,1.02038,0.00179,1.4974,-1.04,-0.46,10.63,12421
2460845.091794,1.02273,0.00180,1.4987,1.19,-0.12,12.21,10566
2460845.091950,1.02143,0.00180,1.4999,1.64,0.08,11.22,12735
2460845.092106,1.01859,0.00180,1.5011,-0.81,-0.15,11.43,11434
2460845.092267,1.02630,0.00181,1.5023,-1.44,-0.67,10.63,12889
2460845.092425,1.01806,0.00179,1.5036,0.13,-1.85,10.32,13740
2460845.092571,1.02380,0.00180,1.5048,-0.19,1.26,9.68,15869
2460845.092729,1.01940,0.00180,1.5060,-0.53,-1.66,9.82,14366
2460845.092885,1.01626,0.00179,1.5073,-0.14,-1.45,9.67,15220
2460845.093042,1.01764,0.00180,1.5085,0.22,0.78,9.86,13766
2460845.093198,1.02327,0.00181,1.5098,0.78,0.02,11.00,11089
2460845.093354,1.01579,0.00180,1.5110,0.61,0.51,11.28,11339
2460845.093510,1.02202,0.00181,1.5123,-0.28,-2.13,10.86,14204
2460845.093667,1.02172,0.00181,1.5136,-0.55,-0.91,10.20,13367
2460845.093826,1.01863,0.00181,1.5148,-2.18,-0.48,9.48,15775
2460845.093976,1.02032,0.00181,1.5160,-1.53,-1.84,9.77,15414
2460845.094133,1.02391,0.00182,1.5173,-0.93,-0.08,10.94,12332
2460845.094293,1.01484,0.00181,1.5186,-0.39,0.02,12.01,10966
2460845.094449,1.02050,0.00182,1.5199,0.53,0.01,10.31,13447
2460845.094605,1.01979,0.00181,1.5212,0.38,-1.81,9.23,16873
2460845.094761,1.02057,0.00183,1.5224,-2.11,-1.60,12.13,11390
2460845.094917,1.02069,0.00182,1.5237,1.62,-0.98,9.56,16427
2460845.095073,1.01555,0.00182,1.5250,-1.59,-0.54,11.00,12507
2460845.095227,1.02490,0.00183,1.5263,1.08,0.27,9.93,15045
2460845.095383,1.02163,0.00183,1.5276,-1.50,-0.95,9.62,15314
2460845.095539,1.02151,0.00183,1.5289,-2.16,-1.89,9.24,16563
2460845.095695,1.01970,0.00184,1.5302,-1.03,-0.38,10.70,12746
2460845.095851,1.02089,0.00183,1.5315,1.38,-1.60,9.82,14539
2460845.096011,1.02182,0.00183,1.5328,2.09,0.51,9.39,18147
2460845.096165,1.01964,0.00183,1.5341,-0.24,-0.28,9.16,18137
2460845.096323,1.02050,0.00184,1.5354,0.29,-0.25,9.93,15448
2460845.096479,1.02168,0.00184,1.5367,0.09,-0.14,10.48,14800
2460845.096635,1.01863,0.00184,1.5380,-2.27,-1.61,9.83,14462
2460845.096792,1.01983,0.00184,1.5393,-1.38,-0.75,9.26,15398
2460845.096950,1.01700,0.00184,1.5407,-2.00,-1.89,9.80,14866
2460845.097106,1.01909,0.00184,1.5420,0.17,0.69,9.56,17226
2460845.097261,1.01853,0.00184,1.5433,0.82,-0.61,8.86,17191
2460845.097419,1.01889,0.00185,1.5446,-2.14,0.09,10.50,12953
2460845.097576,1.01972,0.00185,1.5460,0.76,-1.61,8.71,17835
2460845.097726,1.01877,0.00185,1.5473,-1.64,0.25,9.44,16440
2460845.097884,1.02297,0.00186,1.5486,-0.74,-1.70,8.94,15845
2460845.098036,1.02374,0.00186,1.5500,1.19,0.06,9.14,17549
2460845.098193,1.02327,0.00186,1.5513,-1.42,-0.74,9.95,15542
2460845.098349,1.01627,0.00185,1.5527,-0.87,0.10,9.39,15739
2460845.098505,1.01743,0.00186,1.5540,-2.06,0.05,9.81,13640
2460845.098660,1.01839,0.00186,1.5554,-0.12,-1.45,10.05,14456
2460845.098816,1.01846,0.00186,1.5567,2.68,0.48,8.52,18982
2460845.098972,1.02291,0.00187,1.5581,2.30,-0.83,9.10,17435
2460845.099132,1.02462,0.00187,1.5594,0.42,1.50,8.66,18151
2460845.099289,1.02256,0.00187,1.5608,-3.72,-1.91,9.05,18000
2460845.099444,1.01895,0.00187,1.5622,-3.02,-2.69,10.16,14398
2460845.099600,1.02332,0.00188,1.5635,-2.30,-0.17,9.33,15612
2460845.099770,1.01619,0.00186,1.5651,-0.37,-1.08,9.63,16435
2460845.099926,1.02189,0.00188,1.5664,-1.59,-0.16,10.07,15344
2460845.100081,1.02043,0.00187,1.5678,-0.55,-0.76,7.54,22832
2460845.100238,1.02624,0.00189,1.5692,0.60,-0.21,9.59,16246
2460845.100389,1.02350,0.00188,1.5705,0.31,-0.87,8.32,19186
2460845.100548,1.02217,0.00188,1.5719,-1.14,-0.39,9.66,16795
2460845.100697,1.02182,0.00189,1.5733,1.12,1.18,9.83,15432
2460845.100854,1.02130,0.00188,1.5747,-1.46,-1.52,8.54,17893
2460845.101010,1.02096,0.00189,1.5761,-0.25,-0.38,9.03,17497
2460845.101165,1.02097,0.00189,1.5775,-0.73,-1.46,8.59,17980
2460845.101321,1.02385,0.00190,1.5789,-0.60,-0.39,9.17,14859
2460845.101477,1.02172,0.00190,1.5802,1.64,-1.08,10.08,13570
2460845.101634,1.01801,0.00189,1.5817,0.83,-0.18,9.81,15169
2460845.101790,1.01395,0.00189,1.5831,-0.45,-1.90,9.47,14441
2460845.101939,1.01656,0.00189,1.5845,1.76,1.54,10.02,14260
2460845.102097,1.02072,0.00190,1.5859,-1.90,-1.65,9.33,16509
2460845.102257,1.02063,0.00190,1.5874,-2.41,-1.64,9.71,15458
2460845.102413,1.01813,0.00190,1.5888,-5.38,0.21,8.63,18026
2460845.102569,1.02008,0.00191,1.5902,-0.12,-1.11,9.30,17022
2460845.102725,1.02060,0.00191,1.5916,-0.86,-0.24,10.16,13242
2460845.102882,1.01420,0.00190,1.5931,0.76,-1.79,9.26,16036
2460845.103038,1.02150,0.00192,1.5945,0.42,-1.42,10.58,14567
2460845.103187,1.02119,0.00192,1.5959,-0.38,0.11,9.73,15694
2460845.103345,1.01514,0.00191,1.5974,-1.07,-1.38,9.40,15275
2460845.103504,1.02141,0.00192,1.5988,0.23,-0.31,9.09,17240
2460845.103660,1.01967,0.00192,1.6003,0.83,-0.69,8.82,18206
2460845.103971,1.02083,0.00193,1.6032,-2.47,-1.05,9.02,15552
2460845.104124,1.01992,0.00193,1.6047,-1.76,-2.40,10.97,13531
2460845.104281,1.02147,0.00193,1.6061,0.48,1.29,8.94,16619
2460845.104436,1.02455,0.00194,1.6076,-0.38,-1.93,8.73,18559
2460845.104593,1.02218,0.00193,1.6091,0.16,0.17,9.76,16621
2460845.104748,1.01622,0.00193,1.6105,-0.38,-0.41,8.59,18867
2460845.104904,1.01656,0.00193,1.6120,-4.14,-2.36,9.04,17245
2460845.105060,1.01795,0.00194,1.6135,-2.58,-1.71,9.05,16438
2460845.105223,1.02259,0.00195,1.6151,-2.12,-2.13,10.91,12995
2460845.105379,1.02112,0.00195,1.6165,-0.28,0.73,10.21,13851
2460845.105535,1.02859,0.00196,1.6180,0.47,-1.43,10.85,13512
2460845.105689,1.02331,0.00196,1.6195,0.51,0.13,9.49,14217
2460845.105845,1.02082,0.00196,1.6210,1.66,-0.43,10.73,12268
2460845.105994,1.01857,0.00195,1.6225,0.66,-2.08,9.82,15061
2460845.106150,1.02123,0.00196,1.6240,-0.09,-0.69,9.52,16463
2460845.106305,1.02023,0.00196,1.6255,0.02,0.57,9.40,16504
2460845.106467,1.01912,0.00196,1.6270,-0.93,-3.11,8.26,18977
2460845.106616,1.02304,0.00196,1.6285,-0.09,-0.73,8.69,19060
2460845.106773,1.01953,0.00196,1.6300,-0.80,0.13,8.93,18097
2460845.106928,1.02185,0.00197,1.6316,-0.17,-1.44,9.72,14596
2460845.107084,1.02078,0.00198,1.6331,-0.23,0.95,10.27,12594
2460845.107396,1.02460,0.00199,1.6362,-0.33,1.72,10.70,12562
2460845.107552,1.01898,0.00197,1.6377,0.13,-1.12,8.65,16256
2460845.107708,1.02015,0.00198,1.6392,-1.81,-1.24,9.90,14647
2460845.107856,1.02230,0.00199,1.6408,-1.19,-2.21,9.89,13896
2460845.108013,1.02061,0.00198,1.6423,-4.06,-1.73,10.07,14094
2460845.108167,1.02361,0.00199,1.6438,0.28,0.41,9.49,16047
2460845.108326,1.02370,0.00199,1.6454,-0.72,-1.04,10.31,13783
2460845.108482,1.01841,0.00199,1.6469,0.39,-0.44,9.97,13617
2460845.108633,1.02454,0.00200,1.6484,0.47,-1.06,10.48,13985
2460845.108803,1.02378,0.00200,1.6502,-1.48,-0.54,9.30,15244
2460845.108958,1.02496,0.00200,1.6518,-0.29,-0.96,9.13,17330
2460845.109121,1.02403,0.00200,1.6534,-0.80,-2.25,10.08,15331
2460845.109277,1.02375,0.00201,1.6550,-0.74,-0.06,10.52,12583
2460845.109588,1.02052,0.00200,1.6581,-0.63,0.89,8.82,17543
2460845.109744,1.02069,0.00201,1.6597,-0.33,0.27,9.72,14663
2460845.109899,1.02336,0.00201,1.6613,0.12,-1.20,8.19,19013
2460845.110055,1.01886,0.00201,1.6629,1.48,0.02,10.67,12478
2460845.110212,1.02040,0.00202,1.6645,1.79,1.39,10.27,12968
2460845.110369,1.02165,0.00202,1.6661,-1.26,-0.90,10.08,12788
2460845.110674,1.01927,0.00202,1.6693,-2.51,-0.95,9.83,13665
2460845.110830,1.01979,0.00202,1.6709,-1.26,-1.06,9.04,18269
2460845.110985,1.02221,0.00203,1.6725,-0.96,-1.38,8.72,17732
2460845.111142,1.02025,0.00203,1.6741,-0.43,-0.88,10.81,12511
2460845.111296,1.02259,0.00204,1.6758,0.91,-1.38,11.09,12132
2460845.111609,1.01853,0.00204,1.6790,0.01,-1.02,10.47,13493
2460845.111764,1.02136,0.00204,1.6807,-1.34,-0.87,11.01,12654
2460845.111920,1.02771,0.00206,1.6823,-0.59,-0.90,11.42,11538
2460845.112239,1.02333,0.00205,1.6857,-1.44,-1.36,10.54,13027
2460845.112398,1.02067,0.00205,1.6874,-1.15,-1.57,10.53,13593
2460845.113017,1.02056,0.00206,1.6940,0.97,-1.50,10.06,14357
2460845.113172,1.02172,0.00207,1.6957,-0.82,-0.01,10.81,11850
2460845.113329,1.02082,0.00207,1.6974,0.02,-0.22,8.91,15752
2460845.113484,1.02501,0.00207,1.6990,-1.66,-1.71,9.63,15738
2460845.113641,1.01903,0.00207,1.7007,-0.81,-1.40,9.09,16396
2460845.113949,1.02245,0.00208,1.7041,0.07,-0.24,9.75,15225
2460845.114105,1.02010,0.00208,1.7058,-1.03,-1.81,10.23,13313
2460845.114424,1.02511,0.00209,1.7093,1.85,-0.94,9.52,14968
2460845.114577,1.02543,0.00210,1.7110,-0.30,0.09,9.99,14185
2460845.117227,1.01978,0.00213,1.7407,-0.34,-0.43,9.38,15906
